tradingsymbol,name,instrument_type,segment
21STCENMGM,21ST CENTURY MGMT SERVICE,EQ,NSE
AARTIIND,AARTI INDUSTRIES,EQ,NSE
ABB,ABB INDIA,EQ,NSE
GATECHDVR,GACM TECHNOLOGIES,EQ,NSE
STYRENIX,STYRENIX PERFORMANCE,EQ,NSE
ADANIENT,ADANI ENTERPRISES,EQ,NSE
ADOR,ADOR WELDING,EQ,NSE
AEGISLOG,AEGIS LOGISTICS,EQ,NSE
HAPPSTMNDS,HAPPIEST MINDS TECHNO,EQ,NSE
ALEMBICLTD,ALEMBIC,EQ,NSE
ARE&M,AMARA RAJA ENERGY MOB,EQ,NSE
SHAREINDIA,SHARE IND. SECURITIES,EQ,NSE
ROUTE,ROUTE MOBILE,EQ,NSE
ANDHRSUGAR,ANDHRA SUGARS,EQ,NSE
GODREJAGRO,GODREJ AGROVET,EQ,NSE
APCOTEXIND,APCOTEX INDUSTRIES LIMITE,EQ,NSE
APOLLOHOSP,APOLLO HOSPITALS ENTER. L,EQ,NSE
APOLLOTYRE,APOLLO TYRES,EQ,NSE
ANDHRAPAP,ANDHRA PAPER,EQ,NSE
ARENTERP,RAJDARSHAN INDUSTRIES,EQ,NSE
TCPLPACK,TCPL PACKAGING,EQ,NSE
ARVIND,ARVIND,EQ,NSE
MASFIN,MAS FINANCIAL SERV,EQ,NSE
UNIDT,UNITED DRILLING TOOLS,EQ,NSE
ASHAPURMIN,ASHAPURA MINECHEM,EQ,NSE
ASHIMASYN,ASHIMA,EQ,NSE
ASHOKLEY,ASHOK LEYLAND,EQ,NSE
IEX,INDIAN ENERGY EXC,EQ,NSE
ASIANPAINT,ASIAN PAINTS,EQ,NSE
ADL,ARCHIDPLY DECOR,EQ,NSE
NIRAJ,NIRAJ CEMENT STRUC,EQ,NSE
ATUL,ATUL,EQ,NSE
CHEMCON,CHEMCON SPECIAL CHEM,EQ,NSE
AUROPHARMA,AUROBINDO PHARMA,EQ,NSE
GICRE,GENERAL INS CORP OF INDIA,EQ,NSE
AUTOAXLES,AUTOMOTIVE AXLES,EQ,NSE
BAJAJHLDNG,BAJAJ HOLDINGS & INVS,EQ,NSE
BAJAJHIND,BAJAJ HINDUSTHAN SUGAR LT,EQ,NSE
TIINDIA,TUBE INVEST OF INDIA,EQ,NSE
BAJFINANCE,BAJAJ FINANCE,EQ,NSE
ANGELONE,ANGEL ONE,EQ,NSE
VALIANTORG,VALIANT ORGANICS,EQ,NSE
BALKRISIND,BALKRISHNA IND.,EQ,NSE
BALMLAWRIE,BALMER LAWRIE & CO,EQ,NSE
BALRAMCHIN,BALRAMPUR CHINI MILLS,EQ,NSE
CAMS,COMPUTER AGE MNGT SER,EQ,NSE
BANARBEADS,BANARAS BEADS,EQ,NSE
BANARISUG,BANNARI AMMAN SUGARS,EQ,NSE
ROML,RAJ OIL MILLS,EQ,NSE
BASF,BASF INDIA,EQ,NSE
BATAINDIA,BATA INDIA,EQ,NSE
BBTC,BOMBAY BURMAH TRADING COR,EQ,NSE
SINTERCOM,SINTERCOM INDIA,EQ,NSE
BEL,BHARAT ELECTRONICS,EQ,NSE
MAHLOG,MAHINDRA LOGISTIC,EQ,NSE
GLOBE,GLOBE ENTERPRISE (I),EQ,NSE
BEML,BEML,EQ,NSE
NIACL,THE NEW INDIA ASSU CO,EQ,NSE
BERGEPAINT,BERGER PAINTS (I),EQ,NSE
BEPL,BHANSALI ENG. POLYMERS LT,EQ,NSE
BHARATFORG,BHARAT FORGE,EQ,NSE
KHADIM,KHADIM INDIA,EQ,NSE
BHARATGEAR,BHARAT GEARS,EQ,NSE
IFGLEXPOR,IFGL REFRACTORIES,EQ,NSE
BHEL,BHEL,EQ,NSE
5PAISA,5PAISA CAPITAL,EQ,NSE
HDFCLIFE,HDFC LIFE INS CO,EQ,NSE
OSWALGREEN,OSWAL GREENTECH,EQ,NSE
3MINDIA,3M INDIA,EQ,NSE
BIRLACABLE,BIRLA CABLE,EQ,NSE
BIRLACORPN,BIRLA CORPORATION,EQ,NSE
ICEMAKE,ICE MAKE REFRIGERAT,EQ,NSE
BLUEDART,BLUE DART EXPRESS,EQ,NSE
MAZDOCK,MAZAGON DOCK SHIPBUIL,EQ,NSE
BOMDYEING,BOMBAY DYEING & MFG. CO L,EQ,NSE
ICICIB22,BHARAT 22 ETF,EQ,NSE
BPCL,BHARAT PETROLEUM CORP  LT,EQ,NSE
UTIAMC,UTI ASSET MNGMT CO,EQ,NSE
BRITANNIA,BRITANNIA INDUSTRIES,EQ,NSE
LIKHITHA,LIKHITHA INFRASTRUC,EQ,NSE
CANFINHOME,CAN FIN HOMES,EQ,NSE
GRAPHITE,GRAPHITE INDIA,EQ,NSE
CARBORUNIV,CARBORUNDUM UNIVERSAL,EQ,NSE
CENTENKA,CENTURY ENKA,EQ,NSE
ABREL,ADITYA BIRLA REAL EST,EQ,NSE
CESC,CESC,EQ,NSE
IGARASHI,IGARASHI MOTORS INDIA,EQ,NSE
CHAMBLFERT,CHAMBAL FERTILIZERS,EQ,NSE
DNAMEDIA,DILIGENT MEDIA CORP,EQ,NSE
EXIDEIND,EXIDE INDUSTRIES,EQ,NSE
CHOLAFIN,CHOLAMANDALAM IN & FIN CO,EQ,NSE
CIPLA,CIPLA,EQ,NSE
HEMIPROP,HEMISPHERE PROP IND,EQ,NSE
DICIND,DIC INDIA,EQ,NSE
SHRADHA,SHRADHA REALTY,EQ,NSE
SHALBY,SHALBY,EQ,NSE
SUDARCOLOR,SUDARSHAN COLORNT IND,EQ,NSE
SBIETFPB,SBI ETF PRIVATE BANK ETF,EQ,NSE
COROMANDEL,COROMANDEL INTERNTL.,EQ,NSE
SBIETFIT,SBI ETF IT ETF,EQ,NSE
COSMOFIRST,COSMO FIRST,EQ,NSE
CRISIL,CRISIL,EQ,NSE
CGPOWER,CG POWER AND IND SOL,EQ,NSE
DABUR,DABUR INDIA,EQ,NSE
KEEPLEARN,DSJ KEEP LEARNING,EQ,NSE
DALMIASUG,DALMIA BHARAT SUG IN,EQ,NSE
SHIVATEX,SHIVA TEXYARN,EQ,NSE
BSHSL,BOMBAY SUPER HYBRID SEEDS,EQ,NSE
DCMSHRIRAM,DCM SHRIRAM,EQ,NSE
BANKA,BANKA BIOLOO,EQ,NSE
DEEPAKFERT,DEEPAK FERTILIZERS & PETR,EQ,NSE
DHAMPURSUG,DHAMPUR SUGAR MILLS,EQ,NSE
ASTRON,ASTRON PAPER BORD MIL,EQ,NSE
DRREDDY,DR. REDDY S LABORATORIES,EQ,NSE
KHAICHEM,KHAITAN CHEM & FERT,EQ,NSE
EICHERMOT,EICHER MOTORS,EQ,NSE
EQUITASBNK,EQUITAS SMALL FIN BNK,EQ,NSE
EIDPARRY,EID PARRY INDIA,EQ,NSE
EIHOTEL,EIH - OBEROI HOTELS,EQ,NSE
ORCHPHARMA,ORCHID PHARMA,EQ,NSE
ELECTCAST,ELECTROSTEEL CASTINGS,EQ,NSE
DPABHUSHAN,D. P. ABHUSHAN,EQ,NSE
ELGIEQUIP,ELGI EQUIPMENTS,EQ,NSE
PGHL,PROCTER & GAMBLE HEALTH L,EQ,NSE
ESABINDIA,ESAB INDIA,EQ,NSE
ESCORTS,ESCORTS KUBOTA,EQ,NSE
SUBEXLTD,SUBEX,EQ,NSE
EVERESTIND,EVEREST INDUSTRIES,EQ,NSE
EUROTEXIND,EUROTEX INDUSTRIES,EQ,NSE
FACT,FACT,EQ,NSE
SCHAEFFLER,SCHAEFFLER INDIA,EQ,NSE
FEDERALBNK,FEDERAL BANK,EQ,NSE
AARON,AARON INDUSTRIES,EQ,NSE
FINCABLES,FINOLEX CABLES,EQ,NSE
FINPIPE,FINOLEX INDUSTRIES,EQ,NSE
AXISBNKETF,AXIS NIFTY BANK ETF,EQ,NSE
UFLEX,UFLEX,EQ,NSE
FOSECOIND,FOSECO INDIA,EQ,NSE
ZENSARTECH,ZENSAR TECHNOLOGIES ,EQ,NSE
GABRIEL,GABRIEL INDIA,EQ,NSE
GARFIBRES,GARWARE TECH FIBRES,EQ,NSE
DANGEE,DANGEE DUMS,EQ,NSE
GHCL,GHCL,EQ,NSE
GTECJAINX,G-TEC JAINX EDUCATION,EQ,NSE
APOLLO,APOLLO MICRO SYSTEMS,EQ,NSE
GICHSGFIN,GIC HOUSING FINANCE,EQ,NSE
GINNIFILA,GINNI FILAMENTS,EQ,NSE
GIPCL,GUJ IND POW CO.,EQ,NSE
GLAXO,GLAXOSMITHKLINE PHARMA LT,EQ,NSE
NEWGEN,NEWGEN SOFTWARE TECH,EQ,NSE
GMBREW,G M BREWERIES,EQ,NSE
GNFC,GUJ NAR VAL FER & CHEM L,EQ,NSE
GODFRYPHLP,GODFREY PHILLIPS INDIA LT,EQ,NSE
AMBER,AMBER ENTERPRISES (I),EQ,NSE
GLAND,GLAND PHARMA,EQ,NSE
FMGOETZE,FEDERAL-MOGUL GOETZE (IND,EQ,NSE
KANSAINER,KANSAI NEROLAC PAINTS,EQ,NSE
ESG,MIRAE ASSET NIFTY 100 ESG SECTOR LEADERS ETF,EQ,NSE
PRAXIS,PRAXIS HOME RETAIL,EQ,NSE
DELTAMAGNT,DELTA MANUFACTURING,EQ,NSE
GRASIM,GRASIM INDUSTRIES,EQ,NSE
GREAVESCOT,GREAVES COTTON,EQ,NSE
GSFC,GUJ STATE FERT & CHEM,EQ,NSE
CASTROLIND,CASTROL INDIA,EQ,NSE
GUJALKALI,GUJARAT ALKALIES & CHEM,EQ,NSE
AMBUJACEM,AMBUJA CEMENTS,EQ,NSE
HARRMALAYA,HARRISON MALAYALAM,EQ,NSE
GALAXYSURF,GALAXY SURFACTANTS,EQ,NSE
MARINE,MARINE ELECTRICAL (I),EQ,NSE
HDFCBANK,HDFC BANK,EQ,NSE
SDBL,SOM DIST & BREW,EQ,NSE
HEROMOTOCO,HERO MOTOCORP,EQ,NSE
HIMATSEIDE,HIMATSINGKA SEIDE,EQ,NSE
HINDALCO,HINDALCO  INDUSTRIES ,EQ,NSE
HINDCOMPOS,HINDUSTAN COMPOSITES,EQ,NSE
HCC,HINDUSTAN CONSTRUCTION CO,EQ,NSE
HINDUNILVR,HINDUSTAN UNILEVER,EQ,NSE
HINDOILEXP,HINDUSTAN OIL EXPLORATION,EQ,NSE
HINDPETRO,HINDUSTAN PETROLEUM CORP,EQ,NSE
AGI,AGI GREENPAC,EQ,NSE
GLOBAL,GLOBAL EDUCATION,EQ,NSE
HINDZINC,HINDUSTAN ZINC,EQ,NSE
SANOFI,SANOFI INDIA,EQ,NSE
BIRLANU,BIRLANU,EQ,NSE
ACCURACY,ACCURACY SHIPPING,EQ,NSE
AKZOINDIA,AKZO NOBEL INDIA,EQ,NSE
IDBI,IDBI BANK,EQ,NSE
REPL,RUDRABHISHEK ENTERP,EQ,NSE
IFBAGRO,IFB AGRO INDUSTRIES,EQ,NSE
IFBIND,IFB INDUSTRIES,EQ,NSE
IFCI,IFCI,EQ,NSE
RBA,RESTAURANT BRAND ASIA,EQ,NSE
SHIVAMILLS,SHIVA MILLS,EQ,NSE
MOGSEC,MOTILAL OSWAL NIFTY 5 YEAR BENCHMARK G-SEC ETF,EQ,NSE
ASTERDM,ASTER DM HEALTHCARE,EQ,NSE
INDHOTEL,THE INDIAN HOTELS CO.,EQ,NSE
INDIACEM,THE INDIA CEMENTS,EQ,NSE
INDIAGLYCO,INDIA GLYCOLS,EQ,NSE
INDIANHUME,INDIAN HUME PIPE CO.,EQ,NSE
RKEC,RKEC PROJECTS,EQ,NSE
RVHL,RAVINDER HEIGHTS,EQ,NSE
GMMPFAUDLR,GMM PFAUDLER,EQ,NSE
GILLETTE,GILLETTE INDIA,EQ,NSE
TARC,TARC,EQ,NSE
MGEL,MANGALAM GLOBAL ENT,EQ,NSE
INFY,INFOSYS,EQ,NSE
INGERRAND,INGERSOLL-RAND INDIA,EQ,NSE
AURIGROW,AURI GROW INDIA,EQ,NSE
FAIRCHEMOR,FAIRCHEM ORGANICS,EQ,NSE
TATAINVEST,TATA INVESTMENT CORP,EQ,NSE
IOC,INDIAN OIL CORP,EQ,NSE
LINDEINDIA,LINDE INDIA,EQ,NSE
BECTORFOOD,MRS BECTORS FOOD SPE,EQ,NSE
IONEXCHANG,ION EXCHANGE (INDIA),EQ,NSE
IPCALAB,IPCA LABORATORIES,EQ,NSE
SUNDROP,SUNDROP BRANDS,EQ,NSE
HGINFRA,H.G.INFRA ENGINEERING,EQ,NSE
JAYBARMARU,JAY BHARAT MARUTI,EQ,NSE
JAYSREETEA,JAYSHREE TEA & INDUSTRIES,EQ,NSE
JBCHEPHARM,J B CHEMICALS AND PHARMA,EQ,NSE
JINDALPOLY,JINDAL POLY FILMS,EQ,NSE
KANPRPLA,KANPUR PLASTIPACK,EQ,NSE
AWHCL,ANTONY WASTE HDG CELL,EQ,NSE
JYOTISTRUC,JYOTI STRUCTURES,EQ,NSE
KABRAEXTRU,KABRA EXTRUSION TECHNIK L,EQ,NSE
KAJARIACER,KAJARIA CERAMICS,EQ,NSE
KAKATCEM,KAKATIYA CEM SUGAR &IND L,EQ,NSE
KPIL,KALPATARU PROJECT INT,EQ,NSE
KAMATHOTEL,KAMAT HOTELS (I),EQ,NSE
KANORICHEM,KANORIA CHEMICALS & INDUS,EQ,NSE
KARURVYSYA,KARUR VYSYA BANK,EQ,NSE
KESORAMIND,KESORAM INDUSTRIES,EQ,NSE
CARYSIL,CARYSIL,EQ,NSE
CUMMINSIND,CUMMINS INDIA,EQ,NSE
KOPRAN,KOPRAN,EQ,NSE
KOTAKBANK,KOTAK MAHINDRA BANK,EQ,NSE
WEALTH,WEALTH FRST PORT. MG.,EQ,NSE
LIQUIDETF,DSP NIFTY 1D RATE LIQUID ETF,EQ,NSE
KREBSBIO,KREBS BIOCHEMICALS & IND,EQ,NSE
TRENT,TRENT,EQ,NSE
LIBERTSHOE,LIBERTY SHOES,EQ,NSE
LICHSGFIN,LIC HOUSING FINANCE,EQ,NSE
AHLADA,AHLADA ENGINEERS,EQ,NSE
LUMAXIND,LUMAX INDUSTRIES,EQ,NSE
LYKALABS,LYKA LABS,EQ,NSE
IRFC,INDIAN RAILWAY FIN CORP L,EQ,NSE
M&M,MAHINDRA & MAHINDRA,EQ,NSE
RAMCOCEM,THE RAMCO CEMENTS,EQ,NSE
INDIGOPNTS,INDIGO PAINTS,EQ,NSE
CHENNPETRO,CHENNAI PETROLEUM CORP LT,EQ,NSE
HOMEFIRST,HOME FIRST FIN CO IND,EQ,NSE
VTL,VARDHMAN TEXTILES,EQ,NSE
MAHSCOOTER,MAHARASHTRA SCOOTERS,EQ,NSE
MAHSEAMLES,MAHARASHTRA SEAMLESS,EQ,NSE
MANGLMCEM,MANGALAM CEMENT,EQ,NSE
STOVEKRAFT,STOVE KRAFT,EQ,NSE
MARALOVER,MARAL OVERSEAS,EQ,NSE
MASTEK,MASTEK,EQ,NSE
MFSL,MAX FINANCIAL SERV,EQ,NSE
BDL,BHARAT DYNAMICS,EQ,NSE
RAJMET,RAJNANDINI METAL,EQ,NSE
AKG,AKG EXIM,EQ,NSE
BOSCHLTD,BOSCH,EQ,NSE
TSFINV,TSF INVESTMENTS,EQ,NSE
GENCON,GENERIC ENG CONS PROJ,EQ,NSE
MIRCELECTR,MIRC ELECTRONICS,EQ,NSE
MODIRUBBER,MODI RUBBER,EQ,NSE
MODTHREAD,MODERN THREADS INDIA,EQ,NSE
PENINLAND,PENINSULA LAND,EQ,NSE
MOREPENLAB,MOREPEN LAB.,EQ,NSE
BANDHANBNK,BANDHAN BANK,EQ,NSE
MOTOGENFIN,MOTOR & GENERAL FINANCE L,EQ,NSE
IRISDOREME,IRIS CLOTHINGS,EQ,NSE
MRPL,MRPL,EQ,NSE
HLEGLAS,HLE GLASCOAT,EQ,NSE
MTNL,MAHANAGAR TELEPHONE NIGAM,EQ,NSE
HAL,HINDUSTAN AERONAUTICS,EQ,NSE
MUNJALSHOW,MUNJAL SHOWA,EQ,NSE
MURUDCERA,MURUDESHWAR CERAMICS,EQ,NSE
HEIDELBERG,HEIDELBERGCEMENT (I),EQ,NSE
SMCGLOBAL,SMC GLOBAL SECURITIES,EQ,NSE
CPSEETF,CPSE ETF,EQ,NSE
JAYNECOIND,JAYASWAL NECO INDUSTR,EQ,NSE
NURECA,NURECA,EQ,NSE
NAVNETEDUL,NAVNEET EDUCATION,EQ,NSE
NELCO,NELCO,EQ,NSE
SANDHAR,SANDHAR TECHNOLOGIES,EQ,NSE
NEULANDLAB,NEULAND LAB,EQ,NSE
NILKAMAL,NILKAMAL,EQ,NSE
RAILTEL,RAILTEL CORP OF IND,EQ,NSE
CONSUMBEES,NIPPON INDIA ETF CONSUMPTION,EQ,NSE
NKIND,NK INDUSTRIES,EQ,NSE
NOCIL,NOCIL,EQ,NSE
CENTRUM,CENTRUM CAPITAL,EQ,NSE
MIDHANI,MISHRA DHATU NIGAM,EQ,NSE
OILCOUNTUB,OIL COUNTRY TUBULAR,EQ,NSE
ONGC,OIL AND NATURAL GAS CORP.,EQ,NSE
ONWARDTEC,ONWARD TECHNOLOGIES,EQ,NSE
SILGO,SILGO RETAIL,EQ,NSE
ORIENTHOT,ORIENT HOTELS,EQ,NSE
ORIENTPPR,ORIENT PAPER AND INDS,EQ,NSE
BCLIND,BCL INDUSTRIES,EQ,NSE
OSWALAGRO,OSWAL AGRO MILLS,EQ,NSE
PGHH,P&G HYGIENE & HEALTH CARE,EQ,NSE
HUHTAMAKI,HUHTAMAKI INDIA,EQ,NSE
3PLAND,3P LAND HOLDINGS,EQ,NSE
AMJLAND,AMJ LAND HOLDINGS,EQ,NSE
LEMONTREE,LEMON TREE HOTELS,EQ,NSE
PEARLPOLY,PEARL POLYMERS,EQ,NSE
HERANBA,HERANBA INDUSTRIES,EQ,NSE
SEAMECLTD,SEAMEC,EQ,NSE
IT,KOTAK NIFTY IT ETF,EQ,NSE
DIVOPPBEES,NIPPON INDIA ETF NIFTY DIVIDEND OPPORTUNITIES 50,EQ,NSE
PFIZER,PFIZER,EQ,NSE
DRCSYSTEMS,DRC SYSTEMS INDIA,EQ,NSE
PCBL,PCBL CHEMICAL,EQ,NSE
PIDILITIND,PIDILITE INDUSTRIES,EQ,NSE
POLYPLEX,POLYPLEX CORPORATION,EQ,NSE
PRAJIND,PRAJ INDUSTRIES,EQ,NSE
PRAKASH,PRAKASH INDUSTRIES,EQ,NSE
MTARTECH,MTAR TECHNOLOGIES,EQ,NSE
BUTTERFLY,BTRFLY GANDHI APPL,EQ,NSE
PRECWIRE,PRECISION WIRES INDIA,EQ,NSE
PRSMJOHNSN,PRISM JOHNSON,EQ,NSE
JUBLINGREA,JUBILANT INGREVIA,EQ,NSE
EASEMYTRIP,EASY TRIP PLANNERS,EQ,NSE
RSWM,RSWM,EQ,NSE
CHEMFAB,CHEMFAB ALKALIS,EQ,NSE
RAJSREESUG,RAJSHREE SUGAR & CHEMICAL,EQ,NSE
ARVEE,ARVEE LABORATORIES I,EQ,NSE
RALLIS,RALLIS INDIA,EQ,NSE
ANURAS,ANUPAM RASAYAN INDIA,EQ,NSE
RANASUG,RANA SUGARS,EQ,NSE
LXCHEM,LAXMI ORGANIC INDUS,EQ,NSE
RANEHOLDIN,RANE HOLDINGS,EQ,NSE
CRAFTSMAN,CRAFTSMAN AUTOMATION,EQ,NSE
RAYMOND,RAYMOND,EQ,NSE
RCF,RASHTRIYA CHEMICALS & FER,EQ,NSE
HITECH,HI-TECH PIPES,EQ,NSE
RELIANCE,RELIANCE INDUSTRIES,EQ,NSE
RICOAUTO,RICO AUTO INDUSTRIES,EQ,NSE
RIIL,RELIANCE INDUSTRIAL INFRA,EQ,NSE
RUBYMILLS,THE RUBY MILLS,EQ,NSE
KALYANKJIL,KALYAN JEWELLERS IND,EQ,NSE
SAIL,STEEL AUTHORITY OF INDIA,EQ,NSE
SAKHTISUG,SAKTHI SUGARS,EQ,NSE
SURYODAY,SURYODAY SMALL FIN BK,EQ,NSE
ORIENTELEC,ORIENT ELECTRIC,EQ,NSE
NAZARA,NAZARA TECHNOLOGIES,EQ,NSE
SANDESH,SANDESH,EQ,NSE
SANGHIIND,SANGHI INDUSTRIES,EQ,NSE
SUVIDHAA,SUVIDHAA INFOSERVE,EQ,NSE
BSE500IETF,ICICI PRUDENTIAL BSE 500 ETF,EQ,NSE
WONDERLA,WONDERLA HOLIDAYS,EQ,NSE
KOHINOOR,KOHINOOR FOODS,EQ,NSE
AXISTECETF,AXIS NIFTY IT ETF,EQ,NSE
SAURASHCEM,SAURASHTRA CEMENT,EQ,NSE
SOTL,SAVITA OIL TECHNOLO.,EQ,NSE
SDL26BEES,NIPPON INDIA ETF NIFTY SDL - 2026 MATURITY,EQ,NSE
JINDALSAW,JINDAL SAW,EQ,NSE
SBIN,STATE BANK OF INDIA,EQ,NSE
SCI,SHIPPING CORP OF INDIA LT,EQ,NSE
VEDL,VEDANTA,EQ,NSE
SESHAPAPER,SESHASAYEE PAPER & BOARDS,EQ,NSE
SHANTIGEAR,SHANTHI GEARS,EQ,NSE
INDOSTAR,INDOSTAR CAPITAL FIN,EQ,NSE
SHREDIGCEM,SHREE DIGVIJAY CEM CO,EQ,NSE
SHREECEM,SHREE CEMENT,EQ,NSE
SHREYANIND,SHREYANS INDUSTRIES,EQ,NSE
UFBL,UNITED FOODBRANDS,EQ,NSE
TRANSWORLD,TRANSWORLD SHIP LINES,EQ,NSE
HONDAPOWER,HONDA I POWER PRODUCT,EQ,NSE
BORORENEW,BOROSIL RENEWABLES,EQ,NSE
SIEMENS,SIEMENS,EQ,NSE
SIMPLEXINF,SIMPLEX INFRASTRUCTURES L,EQ,NSE
GILT5YBEES,NIPPON INDIA ETF NIFTY 5 YR BENCHMARK G-SEC,EQ,NSE
SKFINDIA,SKF INDIA,EQ,NSE
LODHA,LODHA DEVELOPERS,EQ,NSE
JTEKTINDIA,JTEKT INDIA,EQ,NSE
NITIRAJ,NITIRAJ ENGINEERS,EQ,NSE
SPIC,SPIC,EQ,NSE
TEMBO,TEMBO GLOBAL IND,EQ,NSE
STARPAPER,STAR PAPER MILLS,EQ,NSE
DEEPINDS,DEEP INDUSTRIES,EQ,NSE
MODISONLTD,MODISON,EQ,NSE
SPMLINFRA,SPML INFRA,EQ,NSE
SUBROS,SUBROS,EQ,NSE
SUDARSCHEM,SUDARSHAN CHEMICAL INDS L,EQ,NSE
ISGEC,ISGEC HEAVY ENG,EQ,NSE
SUNDARMFIN,SUNDARAM FINANCE,EQ,NSE
SUNDRMFAST,SUNDRAM FASTENERS,EQ,NSE
SUNFLAG,SUNFLAG IRON AND STEEL CO,EQ,NSE
SUNPHARMA,SUN PHARMACEUTICAL IND L,EQ,NSE
SUPERSPIN,SUPER SPINNING MILLS,EQ,NSE
SUPREMEIND,SUPREME INDUSTRIES,EQ,NSE
SURYAROSNI,SURYA ROSHNI,EQ,NSE
SWARAJENG,SWARAJ ENGINES,EQ,NSE
SMLMAH,SML MAHINDRA,EQ,NSE
AGARIND,AGARWAL INDS CORP,EQ,NSE
TAINWALCHM,TAINWALA CHEMICAL AND PLA,EQ,NSE
AJOONI,AJOONI BIOTECH,EQ,NSE
TATACHEM,TATA CHEMICALS,EQ,NSE
TATAELXSI,TATA ELXSI,EQ,NSE
HONAUT,HONEYWELL AUTOMATION IND,EQ,NSE
TATAPOWER,TATA POWER CO,EQ,NSE
TATACONSUM,TATA CONSUMER PRODUCT,EQ,NSE
BBOX,BLACK BOX,EQ,NSE
TECILCHEM,TECIL CHEMICALS,EQ,NSE
TMPV,TATA MOTORS PASS VEH,EQ,NSE
TFCILTD,TOURISM FINANCE CORP. OF,EQ,NSE
THERMAX,THERMAX,EQ,NSE
THOMASCOOK,THOMAS COOK (INDIA),EQ,NSE
CLSEL,CHAMAN LAL SETIA EXP,EQ,NSE
TIRUMALCHM,THIRUMALAI CHEMICALS,EQ,NSE
TATASTEEL,TATA STEEL,EQ,NSE
TITAN,TITAN COMPANY,EQ,NSE
MAFANG,MIRAE ASSET NYSE FANG+ ETF,EQ,NSE
TNPETRO,TAMILNADU PETROPRODUCTS L,EQ,NSE
TNTELE,TAMILNADU TELECOMMUNICATI,EQ,NSE
TORNTPHARM,TORRENT PHARMACEUTICALS L,EQ,NSE
AXISBPSETF,AXIS NIFTY AAA BOND PLUS SDL APR 2026 50-50 ETF,EQ,NSE
TTKPRESTIG,TTK PRESTIGE,EQ,NSE
ADANIGREEN,ADANI GREEN ENERGY,EQ,NSE
UCAL,UCAL,EQ,NSE
UNICHEMLAB,UNICHEM LABORATORIES,EQ,NSE
MOKSH,MOKSH ORNAMENTS,EQ,NSE
UNITECH,UNITECH,EQ,NSE
UNIVCABLES,UNIVERSAL CABLES,EQ,NSE
AXISHCETF,AXIS NIFTY HEALTHCARE ETF,EQ,NSE
HEALTHIETF,ICICI PRUDENTIAL NIFTY HEALTHCARE ETF,EQ,NSE
JUBLPHARMA,JUBILANT PHARMOVA,EQ,NSE
SOLARA,SOLARA ACTIVE PHA SCI,EQ,NSE
VESUVIUS,VESUVIUS INDIA,EQ,NSE
GAYAHWS,GAYATRI HIGHWAYS,EQ,NSE
VINDHYATEL,VINDHYA TELELINKS,EQ,NSE
VIPIND,VIP INDUSTRIES,EQ,NSE
VLSFINANCE,VLS FINANCE,EQ,NSE
VOLTAS,VOLTAS,EQ,NSE
TATACOMM,TATA COMMUNICATIONS,EQ,NSE
VSTIND,VST INDUSTRIES,EQ,NSE
ANMOL,ANMOL INDIA,EQ,NSE
WALCHANNAG,WALCHANDNAGAR INDUSTRIES,EQ,NSE
FINEORG,FINE ORGANIC IND.,EQ,NSE
WEIZMANIND,WEIZMANN,EQ,NSE
VENKEYS,VENKY S (INDIA),EQ,NSE
RITES,RITES,EQ,NSE
WHEELS,WHEELS INDIA,EQ,NSE
WILLAMAGOR,WILLIAMSON MAGOR,EQ,NSE
WIPRO,WIPRO,EQ,NSE
WSTCSTPAPR,WEST COAST PAPER MILLS LT,EQ,NSE
VINEETLAB,VINEET LABORATORIES,EQ,NSE
ZEEL,ZEE ENTERTAINMENT ENT,EQ,NSE
ARIHANTCAP,ARIHANT CAPITAL MKTS,EQ,NSE
ZODIACLOTH,ZODIAC CLOTHING CO.,EQ,NSE
ZUARIIND,ZUARI INDUSTRIES,EQ,NSE
BHARATRAS,BHARAT RASAYAN,EQ,NSE
TOKYOPLAST,TOKYO PLAST INTL,EQ,NSE
VARROC,VARROC ENGINEERING,EQ,NSE
SOMANYCERA,SOMANY CERAMICS,EQ,NSE
HATSUN,HATSUN AGRO PRODUCT,EQ,NSE
CAPLIPOINT,CAPLIN POINT LAB,EQ,NSE
PREMIERPOL,PREMIER POLYFILM,EQ,NSE
KHAITANLTD,KHAITAN (INDIA)LTD.,EQ,NSE
NATCOPHARM,NATCO PHARMA,EQ,NSE
GOCLCORP,GOCL CORPORATION,EQ,NSE
REMSONSIND,REMSONS INDUSTRIES,EQ,NSE
TNPL,TAMILNADU NEWSPRT & PAPER,EQ,NSE
GREENPLY,GREENPLY INDUSTRIES,EQ,NSE
CORALFINAC,CORAL INDIA FIN & HOUS LT,EQ,NSE
PVP,PVP VENTURES,EQ,NSE
NAVA,NAVA,EQ,NSE
EIMCOELECO,EIMCO ELECON (INDIA),EQ,NSE
JAYAGROGN,JAYANT AGRO ORGANICS,EQ,NSE
PANACEABIO,PANACEA BIOTEC,EQ,NSE
CUBEXTUB,CUBEX TUBINGS,EQ,NSE
MARICO,MARICO,EQ,NSE
SILINV,SIL INVESTMENTS,EQ,NSE
HBSL,HB STOCKHOLDINGS,EQ,NSE
SAMBHAAV,SAMBHAAV MEDIA,EQ,NSE
REGENCERAM,REGENCY CERAMICS,EQ,NSE
BIOFILCHEM,BIOFIL CHEM & PHARMA,EQ,NSE
KEYFINSERV,KEYNOTE FIN SERV,EQ,NSE
ZENITHEXPO,ZENITH EXPORTS,EQ,NSE
SUNDRMBRAK,SUNDARAM BRAK LININGS,EQ,NSE
SANGAMIND,SANGAM (INDIA),EQ,NSE
MOTHERSON,SAMVRDHNA MTHRSN INTL,EQ,NSE
VISAKAIND,VISAKA INDUSTRIES,EQ,NSE
WENDT,WENDT (INDIA),EQ,NSE
HDFCAMC,HDFC AMC,EQ,NSE
DENORA,DE NORA INDIA,EQ,NSE
STERTOOLS,STERLING TOOLS,EQ,NSE
SHRIRAMFIN,SHRIRAM FINANCE,EQ,NSE
PUNJABCHEM,PUNJAB CHEM & CROP PROT L,EQ,NSE
SENSEXIETF,ICICI PRUDENTIAL BSE SENSEX ETF,EQ,NSE
GULFOILLUB,GULF OIL LUB. IND.,EQ,NSE
MIRZAINT,MIRZA INTERNATIONAL LIMIT,EQ,NSE
JAGSNPHARM,JAGSONPAL PHARMACEUTICALS,EQ,NSE
CREDITACC,CREDITACCESS GRAMEEN,EQ,NSE
INDIANCARD,INDIAN CARD CLOTHING CO.,EQ,NSE
ELECTHERM,ELECTROTHERM (I),EQ,NSE
AARTIDRUGS,AARTI DRUGS,EQ,NSE
ALKYLAMINE,ALKYL AMINES CHEM.,EQ,NSE
MPHASIS,MPHASIS,EQ,NSE
SIGIND,SIGNET INDUSTRIES,EQ,NSE
DYNAMATECH,DYNAMATIC TECHNOLOGIES,EQ,NSE
NEXT50IETF,ICICI PRUDENTIAL NIFTY NEXT 50 ETF,EQ,NSE
GUJRAFFIA,GUJARAT RAFFIA INDUST,EQ,NSE
RUCHINFRA,RUCHI INFRASTRUCTURE,EQ,NSE
ATLASCYCLE,ATLAS CYCLE (HARYANA),EQ,NSE
RAMCOIND,RAMCO INDUSTRIES,EQ,NSE
KOTHARIPET,KOTHARI PETROCHEM,EQ,NSE
HERITGFOOD,HERITAGE FOODS,EQ,NSE
SBCL,SHIVALIK BIMETAL CON.,EQ,NSE
BANKBARODA,BANK OF BARODA,EQ,NSE
SONACOMS,SONA BLW PRECISION FRGS L,EQ,NSE
SHYAMMETL,SHYAM METALICS AND ENGY L,EQ,NSE
GAIL,GAIL (INDIA),EQ,NSE
SKMEGGPROD,SKM EGG PROD EXPORT(I) LT,EQ,NSE
BANKINDIA,BANK OF INDIA,EQ,NSE
INDNIPPON,INDIA NIPPON ELECT ,EQ,NSE
CONCOR,CONTAINER CORP OF IND,EQ,NSE
INDRAMEDCO,INDRAPRASTHA MEDICAL CORP,EQ,NSE
TCIFINANCE,TCI FINANCE,EQ,NSE
KCPSUGIND,KCP SUGAR IND CORP,EQ,NSE
DODLA,DODLA DAIRY,EQ,NSE
LIQUIDIETF,ICICI PRUDENTIAL BSE LIQUID RATE ETF - IDCW,EQ,NSE
SNOWMAN,SNOWMAN LOGISTICS,EQ,NSE
KIMS,KRISHNA INST OF MED SCI L,EQ,NSE
INDSWFTLAB,IND SWIFT LABORATORIES LT,EQ,NSE
SAREGAMA,SAREGAMA INDIA,EQ,NSE
ENGINERSIN,ENGINEERS INDIA,EQ,NSE
MADRASFERT,MADRAS FERTILISERS,EQ,NSE
HINDCON,HINDCON CHEMICALS,EQ,NSE
IPL,INDIA PESTICIDES,EQ,NSE
ADROITINFO,ADROIT INFOTECH,EQ,NSE
GANGAFORGE,GANGA FORGING,EQ,NSE
ICICIBANK,ICICI BANK,EQ,NSE
PHARMABEES,NIPPON INDIA NIFTY PHARMA ETF,EQ,NSE
IRCON,IRCON INTERNATIONAL,EQ,NSE
SHARDACROP,SHARDA CROPCHEM,EQ,NSE
SVPGLOB,SVP GLOBAL TEXTILES,EQ,NSE
CLEAN,CLEAN SCIENCE & TECH,EQ,NSE
GRINFRA,G R INFRAPROJECTS,EQ,NSE
SHEMAROO,SHEMAROO ENTER.,EQ,NSE
ETERNAL,ETERNAL - ZOMATO,EQ,NSE
KPIGREEN,KPI GREEN ENERGY,EQ,NSE
SGIL,SYNERGY GREEN IND.,EQ,NSE
CIGNITITEC,CIGNITI TECHNOLOGIES,EQ,NSE
JAICORPLTD,JAI CORP,EQ,NSE
TATVA,TATVA CHIN PHARM CHEM,EQ,NSE
SBIETFCON,SBI ETF CONSUMPTION ETF,EQ,NSE
STYLAMIND,STYLAM INDUSTRIES,EQ,NSE
ANTGRAPHIC,ANTARCTICA,EQ,NSE
GMDCLTD,GUJARAT MINERAL DEV CORP,EQ,NSE
BFSI,MIRAE ASSET NIFTY FINANCIAL SERVICES ETF,EQ,NSE
MAHAPEXLTD,MAHA RASHTRA APEX COPR. L,EQ,NSE
AAREYDRUGS,AAREY DRUGS & PHARM,EQ,NSE
INDUSINDBK,INDUSIND BANK,EQ,NSE
ALIVUS,ALIVUS LIFE SCIENCES,EQ,NSE
ROLEXRINGS,ROLEX RINGS,EQ,NSE
PRITIKAUTO,PRITIKA AUTO INDUS,EQ,NSE
FMCGIETF,ICICI PRUDENTIAL NIFTY FMCG ETF,EQ,NSE
UGROCAP,UGRO CAPITAL,EQ,NSE
EXXARO,EXXARO TILES,EQ,NSE
KRSNAA,KRSNAA DIAGNOSTICS,EQ,NSE
WINDLAS,WINDLAS BIOTECH,EQ,NSE
DEVYANI,DEVYANI INTERNATIONAL,EQ,NSE
ASAHIINDIA,ASAHI INDIA GLASS,EQ,NSE
EPIGRAL,EPIGRAL,EQ,NSE
AAVAS,AAVAS FINANCIERS,EQ,NSE
MOL,MEGHMANI ORGANICS,EQ,NSE
NGIL,NAKODA GROUP OF IND.,EQ,NSE
CARTRADE,CARTRADE TECH,EQ,NSE
NUVOCO,NUVOCO VISTAS CORP,EQ,NSE
TRIGYN,TRIGYN TECHNOLOGIES,EQ,NSE
APTUS,APTUS VALUE HSG FIN I,EQ,NSE
CHEMPLASTS,CHEMPLAST SANMAR,EQ,NSE
GRSE,GARDEN REACH SHIP&ENG,EQ,NSE
YUKEN,YUKEN INDIA,EQ,NSE
SERVOTECH,SERVOTECH REN POW SYS,EQ,NSE
JAIPURKURT,NANDANI CREATION,EQ,NSE
KOTHARIPRO,KOTHARI PRODUCTS,EQ,NSE
ACUTAAS,ACUTAAS CHEMICALS,EQ,NSE
VIJAYA,VIJAYA DIAGNOSTIC CEN,EQ,NSE
INTLCONV,INTL CONVEYORS,EQ,NSE
ASTRAZEN,ASTRAZENECA PHARMA IND LT,EQ,NSE
GANESHBE,GANESH BENZOPLAST,EQ,NSE
CEMPRO,CEMINDIA PROJECTS,EQ,NSE
PAR,PAR DRUGS AND CHEM,EQ,NSE
J&KBANK,J & K BANK,EQ,NSE
SHANTI,SHANTI OVERSEAS INDIA,EQ,NSE
ARCHIES,ARCHIES,EQ,NSE
CUB,CITY UNION BANK,EQ,NSE
AXISCETF,AXIS NIFTY INDIA CONSUMPTION ETF,EQ,NSE
CYIENT,CYIENT,EQ,NSE
SANSERA,SANSERA ENGINEERING,EQ,NSE
MASPTOP50,MIRAE ASSET S&P 500 TOP 50 ETF,EQ,NSE
BANKNIFTY1,KOTAK NIFTY BANK ETF,EQ,NSE
LAGNAM,LAGNAM SPINTEX,EQ,NSE
AXISBANK,AXIS BANK,EQ,NSE
PARAS,PARAS DEF AND SPCE TECH L,EQ,NSE
INTELLECT,INTELLECT DESIGN ARENA,EQ,NSE
MONTECARLO,MONTE CARLO FASHIONS,EQ,NSE
SOUTHBANK,THE SOUTH INDIAN BANK,EQ,NSE
BSLSENETFG,ADITYA BIRLA SUN LIFE BSE SENSEX ETF,EQ,NSE
COASTCORP,COASTAL CORPORATION,EQ,NSE
ABSLAMC,ADIT BIRL SUN LIF AMC,EQ,NSE
EIFFL,EURO (I) FRESH FOODS,EQ,NSE
PASUPTAC,PASUPATI ACRYLON,EQ,NSE
CYBERTECH,CYBERTECH SYSTEMS & SOFTW,EQ,NSE
LICNETFGSC,LIC MF NIFTY 8-13 YR G-SEC ETF,EQ,NSE
ATGL,ADANI TOTAL GAS,EQ,NSE
AIROLAM,AIRO LAM,EQ,NSE
GOODLUCK,GOODLUCK INDIA,EQ,NSE
DIGJAMLMTD,DIGJAM,EQ,NSE
PANSARI,PANSARI DEVELOPERS,EQ,NSE
ARTNIRMAN,ART NIRMAN,EQ,NSE
BHAGCHEM,BHAGIRADHA CHEM & INDS L,EQ,NSE
FCL,FINEOTEX CHEMICAL,EQ,NSE
CAMLINFINE,CAMLIN FINE SCIENCES,EQ,NSE
SIKKO,SIKKO INDUSTRIES,EQ,NSE
DTIL,DHUNSERI TEA & IND.,EQ,NSE
3IINFOLTD,3I INFOTECH,EQ,NSE
SELMC,SEL MANUFACTURING CO,EQ,NSE
MEDICAMEQ,MEDICAMEN BIOTECH,EQ,NSE
GULPOLY,GULSHAN POLYOLS,EQ,NSE
HEALTHY,ADITYA BIRLA SUN LIFE NIFTY HEALTHCARE ETF,EQ,NSE
APOLSINHOT,APOLLO SINDOORI HOTEL,EQ,NSE
NIFTYETF,MIRAE ASSET NIFTY 50 ETF,EQ,NSE
NATIONALUM,NATIONAL ALUMINIUM CO,EQ,NSE
CCHHL,COUNTRY CLUB HOSP HOL,EQ,NSE
LAMBODHARA,LAMBODHARA TEXTILES,EQ,NSE
KRITI,KRITI INDUSTRIES IND,EQ,NSE
MANORG,MANGALAM ORGANICS,EQ,NSE
RSSOFTWARE,R. S. SOFTWARE (INDIA) LI,EQ,NSE
TECHNOE,TECHNO ELEC & ENG CO.,EQ,NSE
CONSUMIETF,ICICI PRUDENTIAL NIFTY INDIA CONSUMPTION ETF,EQ,NSE
TECH,ADITYA BIRLA SUN LIFE NIFTY IT ETF,EQ,NSE
IRIS,IRIS REGTECH SOLUTION,EQ,NSE
NYKAA,FSN E COMMERCE VENTURES,EQ,NSE
FINOPB,FINO PAYMENTS BANK,EQ,NSE
SONATSOFTW,SONATA SOFTWARE,EQ,NSE
GENUSPAPER,GENUS P&B,EQ,NSE
EQUAL50ADD,DSP NIFTY 50 EQUAL WEIGHT ETF,EQ,NSE
SJS,SJS ENTERPRISES,EQ,NSE
POLICYBZR,PB FINTECH,EQ,NSE
SIGACHI,SIGACHI INDUSTRIES,EQ,NSE
FOODSIN,FOODS & INNS,EQ,NSE
PAYTM,ONE 97 COMMUNICATIONS,EQ,NSE
IVC,IL&FS INVESTMENT MANAGERS,EQ,NSE
MOLDTKPAC,MOLD-TEK PACKAGING,EQ,NSE
SAPPHIRE,SAPPHIRE FOODS INDIA,EQ,NSE
JINDALSTEL,JINDAL STEEL,EQ,NSE
NIPPOBATRY,INDO-NATIONAL,EQ,NSE
SBC,SBC EXPORTS,EQ,NSE
STEELCAS,STEELCAST,EQ,NSE
LATENTVIEW,LATENT VIEW ANALYTICS,EQ,NSE
FOCUS,FOCUS LIGHTG & FIXTRS,EQ,NSE
SMLT,SARTHAK METALS,EQ,NSE
GREENLAM,GREENLAM INDUSTRIES,EQ,NSE
DHRUV,DHRUV CONSULTANCY SER,EQ,NSE
BAJAJHCARE,BAJAJ HEALTHCARE,EQ,NSE
VISHNU,VISHNU CHEMICALS,EQ,NSE
RPPL,RAJSHREE POLYPACK,EQ,NSE
TARSONS,TARSONS PRODUCTS,EQ,NSE
GANECOS,GANESHA ECOSPHERE,EQ,NSE
LINC,LINC,EQ,NSE
MENONBE,MENON BEARINGS,EQ,NSE
GOCOLORS,GO FASHION INDIA,EQ,NSE
DMCC,DMCC SPECIALITY CHEMICALS,EQ,NSE
BSOFT,BIRLASOFT,EQ,NSE
SHIVALIK,SHIVALIK RASAYAN,EQ,NSE
ASIANENE,ASIAN ENERGY SERVICES,EQ,NSE
HESTERBIO,HESTER BIOSCIENCES,EQ,NSE
ACCELYA,ACCELYA SOLN INDIA,EQ,NSE
MAHKTECH,MIRAE ASSET HANG SENG TECH ETF,EQ,NSE
STARHEALTH,STAR HEALTH & AL INS CO L,EQ,NSE
SEJALLTD,SEJAL GLASS,EQ,NSE
TEGA,TEGA INDUSTRIES,EQ,NSE
JMA,JULLUNDUR MOT AGENCY,EQ,NSE
ZODIAC,ZODIAC ENERGY,EQ,NSE
ANANDRATHI,ANAND RATHI WEALTH,EQ,NSE
MICEL,MIC ELECTRONICS,EQ,NSE
RATEGAIN,RATEGAIN TRAVEL TECHN,EQ,NSE
BBETF0432,BHARAT BOND ETF - APRIL 2032,EQ,NSE
SHRIRAMPPS,SHRIRAM PROPERTIES,EQ,NSE
JETFREIGHT,JET FREIGHT LOGISTICS,EQ,NSE
SBIETFQLTY,SBI NIFTY 200 QUALITY 30 ETF,EQ,NSE
MAPMYINDIA,C.E. INFO SYSTEMS,EQ,NSE
HCLTECH,HCL TECHNOLOGIES,EQ,NSE
METROBRAND,METRO BRANDS,EQ,NSE
MEDPLUS,MEDPLUS HEALTH SERV,EQ,NSE
JTLIND,JTL INDUSTRIES,EQ,NSE
DCMSRIND,DCM SHRIRAM IND,EQ,NSE
ABSLNN50ET,ADITYA BIRLA SUN LIFE NIFTY NEXT 50 ETF,EQ,NSE
SETFNN50,SBI NIFTY NEXT 50 ETF,EQ,NSE
DATAPATTNS,DATA PATTERNS INDIA,EQ,NSE
SETFNIFBK,SBI NIFTY BANK ETF,EQ,NSE
STAR,STRIDES PHARMA SCI,EQ,NSE
HPAL,HP ADHESIVES,EQ,NSE
SUPRIYA,SUPRIYA LIFESCIENCE,EQ,NSE
GLENMARK,GLENMARK PHARMACEUTICALS,EQ,NSE
NILASPACES,NILA SPACES,EQ,NSE
ALPHA,KOTAK NIFTY ALPHA 50 ETF,EQ,NSE
MANAKCOAT,MAN COAT METAL & IND,EQ,NSE
MONQ50,MOTILAL OSWAL NASDAQ Q 50 ETF,EQ,NSE
HECPROJECT,HEC INFRA PROJECTS,EQ,NSE
NIFTYADD,DSP NIFTY 50 ETF,EQ,NSE
MIDQ50ADD,DSP NIFTY MIDCAP 150 QUALITY 50 ETF,EQ,NSE
HAVISHA,SRI HAVISHA HOSP & INFR L,EQ,NSE
MANAKSTEEL,MANAKSIA STEELS,EQ,NSE
BLUECOAST,BLUE COAST HOTELS,EQ,NSE
WOCKPHARMA,WOCKHARDT,EQ,NSE
ZENTEC,ZEN TECHNOLOGIES,EQ,NSE
TREJHARA,TREJHARA SOLUTIONS,EQ,NSE
NRBBEARING,NRB BEARING,EQ,NSE
UNITEDPOLY,UNITED POLYFAB GUJ.,EQ,NSE
CMSINFO,CMS INFO SYSTEMS,EQ,NSE
SHREERAMA,SHREE RAMA MULTI TECH,EQ,NSE
IMAGICAA,IMAGICAAWORLD ENT,EQ,NSE
MONARCH,MONARCH NETWORTH CAP,EQ,NSE
BCONCEPTS,BRAND CONCEPTS,EQ,NSE
UNIINFO,UNIINFO TELECOM SERVI,EQ,NSE
WEL,WONDER ELECTRICALS,EQ,NSE
NETF,TATA NIFTY 50 ETF,EQ,NSE
AUTOIETF,ICICI PRUDENTIAL NIFTY AUTO ETF,EQ,NSE
BIL,BHARTIYA INTERNATIONAL,EQ,NSE
RAMCOSYS,RAMCO SYSTEMS,EQ,NSE
INOXWIND,INOX WIND,EQ,NSE
AUTOBEES,NIPPON INDIA NIFTY AUTO ETF,EQ,NSE
MHLXMIRU,MAHALAXMI RUBTECH,EQ,NSE
LFIC,LAKSHMI FIN IND CORP,EQ,NSE
BYKE,THE BYKE HOSPITALITY,EQ,NSE
ZYDUSLIFE,ZYDUS LIFESCIENCES,EQ,NSE
AVANTIFEED,AVANTI FEEDS,EQ,NSE
SILVERIETF,ICICI PRUDENTIAL SILVER ETF,EQ,NSE
MALLCOM,MALLCOM (INDIA),EQ,NSE
MAKEINDIA,MIRAE ASSET NIFTY INDIA MANUFACTURING ETF,EQ,NSE
GRWRHITECH,GARWARE HI-TECH FILMS,EQ,NSE
SILVER,ADITYA BIRLA SUN LIFE SILVER ETF,EQ,NSE
CINEVISTA,CINEVISTA,EQ,NSE
MAHLIFE,MAHINDRA LIFESPACE DEVLTD,EQ,NSE
KTKBANK,KARNATAKA BANK,EQ,NSE
DALBHARAT,DALMIA BHARAT,EQ,NSE
MIDCAP,KOTAK NIFTY MIDCAP 50 ETF,EQ,NSE
SILVERBEES,NIPPON INDIA SILVER ETF,EQ,NSE
CROWN,CROWN LIFTERS,EQ,NSE
AWL,AWL AGRI BUSINESS,EQ,NSE
RPSGVENT,RPSG VENTURES,EQ,NSE
AJANTPHARM,AJANTA PHARMA,EQ,NSE
DEVIT,DEV INFO TECHNOLOGY,EQ,NSE
MEGASTAR,MEGASTAR FOODS,EQ,NSE
SPENCERS,SPENCER S RETAIL,EQ,NSE
MANYAVAR,VEDANT FASHIONS,EQ,NSE
SAGARDEEP,SAGARDEEP ALLOYS,EQ,NSE
MOMOMENTUM,MOTILAL OSWAL NIFTY 200 MOMENTUM 30 ETF,EQ,NSE
SOFTTECH,SOFTTECH ENGINEERS,EQ,NSE
PRITI,PRITI INTERNATIONAL,EQ,NSE
BLUESTARCO,BLUE STAR,EQ,NSE
CALSOFT,CALIFORNIA SOFTWARE CO LT,EQ,NSE
GSEC5IETF,ICICI PRUDENTIAL NIFTY 5 YR BENCHMARK G-SEC ETF,EQ,NSE
MIDCAPETF,MIRAE ASSET NIFTY MIDCAP 150 ETF,EQ,NSE
MITCON,MITCON CON & ENG SER,EQ,NSE
XELPMOC,XELPMOC DESIGN & TECH,EQ,NSE
TVSMOTOR,TVS MOTOR COMPANY ,EQ,NSE
MID150BEES,NIPPON INDIA ETF NIFTY MIDCAP 150,EQ,NSE
GATEWAY,GATEWAY DISTRIPARKS,EQ,NSE
GMRP&UI,GMR POW AND URBAN INFRA L,EQ,NSE
CHALET,CHALET HOTELS,EQ,NSE
NLCINDIA,NLC INDIA,EQ,NSE
AKSHOPTFBR,AKSH OPTIFIBRE,EQ,NSE
MSUMI,MOTHERSON SUMI WRNG IND L,EQ,NSE
INDOBORAX,INDO BORAX & CHEMICAL,EQ,NSE
LOWVOL1,KOTAK NIFTY 100 LOW VOLATILITY 30 ETF,EQ,NSE
VETO,VETO SWITCHGEAR CABLE,EQ,NSE
MOLOWVOL,MOTILAL OSWAL BSE LOW VOLATILITY ETF,EQ,NSE
MUKTAARTS,MUKTA ARTS,EQ,NSE
VRLLOG,VRL LOGISTICS,EQ,NSE
SHAILY,SHAILY ENG PLASTICS,EQ,NSE
PNBGILTS,PNB GILTS,EQ,NSE
OBCL,ORISSA BENGAL CARRIER,EQ,NSE
SONAMLTD,SONAM,EQ,NSE
PRIVISCL,PRIVI SPECIALITY CHE,EQ,NSE
AVROIND,AVRO INDIA,EQ,NSE
GAEL,GUJARAT AMBUJA EXPORTS LT,EQ,NSE
USHAMART,USHA MARTIN,EQ,NSE
UMAEXPORTS,UMA EXPORTS,EQ,NSE
CHOICEIN,CHOICE INTERNATIONAL,EQ,NSE
TNIDETF,TATA NIFTY INDIA DIGITAL EXCHANGE TRADED FUND,EQ,NSE
VERANDA,VERANDA LEARNING SOL,EQ,NSE
RITCO,RITCO LOGISTICS,EQ,NSE
ELDEHSG,ELDECO HSG & IND,EQ,NSE
TTML,TATA TELESERV(MAHARASTRA),EQ,NSE
HARIOMPIPE,HARIOM PIPE INDUSTRIES L,EQ,NSE
ANUP,THE ANUP ENGINEERING,EQ,NSE
VCL,VAXTEX COTFAB,EQ,NSE
UFO,UFO MOVIEZ INDIA,EQ,NSE
AGROPHOS,AGRO PHOS INDIA,EQ,NSE
ROTO,ROTO PUMPS,EQ,NSE
PIXTRANS,PIX TRANSMISSIONS,EQ,NSE
ARVINDFASN,ARVIND FASHIONS,EQ,NSE
INDOAMIN,INDO AMINES,EQ,NSE
TIPSMUSIC,TIPS MUSIC,EQ,NSE
BALAJITELE,BALAJI TELEFILMS,EQ,NSE
SNXT50BETA,UTI BSE SENSEX NEXT 50 ETF,EQ,NSE
TPLPLASTEH,TPL PLASTECH,EQ,NSE
NILAINFRA,NILA INFRASTRUCTURES,EQ,NSE
ARROWGREEN,ARROW GREENTECH,EQ,NSE
KRITIKA,KRITIKA WIRES,EQ,NSE
STARTECK,STARTECK FINANCE,EQ,NSE
STLTECH,STERLITE TECHNOLOGIES,EQ,NSE
PNC,PRITISH NANDY COMMUNICATI,EQ,NSE
IOB,INDIAN OVERSEAS BANK,EQ,NSE
TAJGVK,TAJ GVK HOTELS & RESORTS,EQ,NSE
MSTCLTD,MSTC,EQ,NSE
CAMPUS,CAMPUS ACTIVEWEAR,EQ,NSE
TRU,TRUCAP FINANCE,EQ,NSE
CREATIVEYE,CREATIVE EYE,EQ,NSE
PNCINFRA,PNC INFRATECH,EQ,NSE
RAINBOW,RAINBOW CHILDRENS MED,EQ,NSE
SILVERTUC,SILVER TOUCH TECHNO,EQ,NSE
SKIPPER,SKIPPER,EQ,NSE
AXISCADES,AXISCADES TECH,EQ,NSE
LICI,LIFE INSURA CORP OF INDIA,EQ,NSE
SAKAR,SAKAR HEALTHCARE,EQ,NSE
RVNL,RAIL VIKAS NIGAM,EQ,NSE
PRUDENT,PRUDENT CORP ADV SER,EQ,NSE
AKSHAR,AKSHAR SPINTEX,EQ,NSE
MAHESHWARI,MAHESHWARI LOGISTICS,EQ,NSE
METROPOLIS,METROPOLIS HEALTHCARE,EQ,NSE
POLYCAB,POLYCAB INDIA,EQ,NSE
VENUSPIPES,VENUS PIPES & TUBES,EQ,NSE
DELHIVERY,DELHIVERY,EQ,NSE
SPLPETRO,SUPREME PETROCHEM,EQ,NSE
KHANDSE,KHANDWALA SECURITIES,EQ,NSE
RELCHEMQ,RELIANCE CHEMOTEX IND,EQ,NSE
MEDICO,MEDICO REMEDIES,EQ,NSE
HIKAL,HIKAL,EQ,NSE
SOUTHWEST,SOUTH WEST PINNACLE,EQ,NSE
KPITTECH,KPIT TECHNOLOGIES,EQ,NSE
TRIDENT,TRIDENT,EQ,NSE
PARADEEP,PARADEEP PHOSPHATES,EQ,NSE
ETHOSLTD,ETHOS,EQ,NSE
EMUDHRA,EMUDHRA,EQ,NSE
AETHER,AETHER INDUSTRIES,EQ,NSE
HAVELLS,HAVELLS INDIA,EQ,NSE
NV20BEES,NIPPON INDIA ETF NV20,EQ,NSE
WEWIN,WE WIN,EQ,NSE
NEXTMEDIA,NEXT MEDIAWORKS,EQ,NSE
GOLDTECH,AION-TECH SOLUTIONS,EQ,NSE
CHEVIOT,CHEVIOT COMPANY,EQ,NSE
SMARTLINK,SMARTLINK HOLDINGS,EQ,NSE
AIRAN,AIRAN,EQ,NSE
NEOGEN,NEOGEN CHEMICALS,EQ,NSE
ALANKIT,ALANKIT,EQ,NSE
VIKASLIFE,VIKAS LIFECARE,EQ,NSE
ONEPOINT,ONE POINT ONE SOL,EQ,NSE
EMAMIPAP,EMAMI PAPER MILLS,EQ,NSE
GODREJCP,GODREJ CONSUMER PRODUCTS,EQ,NSE
ORICONENT,ORICON ENTERPRISES,EQ,NSE
SETFNIF50,SBI NIFTY 50 ETF,EQ,NSE
BALKRISHNA,BALKRISHNA PAPER MILLS L,EQ,NSE
SHYAMCENT,SHYAM CENTURY FERROUS,EQ,NSE
ADANIENSOL,ADANI ENERGY SOLUTION,EQ,NSE
MANORAMA,MANORAMA INDUSTRIES,EQ,NSE
CONFIPET,CONFIDENCE PETRO IND,EQ,NSE
SYNGENE,SYNGENE INTERNATIONAL,EQ,NSE
KAYA,KAYA,EQ,NSE
NGLFINE,NGL FINE CHEM,EQ,NSE
AYMSYNTEX,AYM SYNTEX,EQ,NSE
PPL,PRAKASH PIPES,EQ,NSE
RAMASTEEL,RAMA STEEL TUBES,EQ,NSE
AURUM,AURUM PROPTECH,EQ,NSE
PKTEA,THE P K TEA PROD CO,EQ,NSE
RADHIKAJWE,RADHIKA JEWELTECH,EQ,NSE
DGCONTENT,DIGICONTENT,EQ,NSE
CSLFINANCE,CSL FINANCE,EQ,NSE
JISLJALEQS,JAIN IRRIGATION SYSTEMS,EQ,NSE
STEELCITY,STEEL CITY SECURITIES,EQ,NSE
MUTHOOTCAP,MUTHOOT CAP SERV,EQ,NSE
DYCL,DYNAMIC CABLES,EQ,NSE
LUPIN,LUPIN,EQ,NSE
UNITDSPR,UNITED SPIRITS,EQ,NSE
SATIN,SATIN CREDIT NET,EQ,NSE
ARVSMART,ARVIND SMARTSPACES,EQ,NSE
POWERMECH,POWER MECH PROJECTS,EQ,NSE
RAMRAT,RAM RATNA WIRES,EQ,NSE
MOHEALTH,MOTILAL OSWAL BSE HEALTHCARE ETF,EQ,NSE
NIFTYBETA,UTI NIFTY 50 ETF,EQ,NSE
CONS,KOTAK NIFTY INDIA CONSUMPTION ETF,EQ,NSE
SENSEXBETA,UTI BSE SENSEX ETF,EQ,NSE
SHARDAMOTR,SHARDA MOTOR INDS,EQ,NSE
NAVKARCORP,NAVKAR CORPORATION,EQ,NSE
RAMAPHO,RAMA PHOSPHATES,EQ,NSE
NIFTYBEES,NIPPON INDIA ETF NIFTY 50 BEES,EQ,NSE
KRBL,KRBL,EQ,NSE
MARKSANS,MARKSANS PHARMA,EQ,NSE
TCI,TRANSPORT CORPN OF INDIA,EQ,NSE
MOM30IETF,ICICI PRUDENTIAL NIFTY 200 MOMENTUM 30 ETF,EQ,NSE
SHREEPUSHK,SHRE PUSH CHEM & FERT,EQ,NSE
GUJGASLTD,GUJARAT GAS,EQ,NSE
BHARTIARTL,BHARTI AIRTEL,EQ,NSE
SADBHIN,SADBHAV INFRA PROJ,EQ,NSE
HDFCNEXT50,HDFC NIFTY NEXT 50 ETF,EQ,NSE
HDFCNIF100,HDFC NIFTY 100 ETF,EQ,NSE
ASAL,AUTOMOTIVE STAMPINGS & AS,EQ,NSE
OLECTRA,OLECTRA GREENTECH,EQ,NSE
PONNIERODE,PONNIE SUGARS (ERODE),EQ,NSE
PNB,PUNJAB NATIONAL BANK,EQ,NSE
MNC,KOTAK NIFTY MNC ETF,EQ,NSE
NIFTYQLITY,ADITYA BIRLA SUN LIFE NIFTY 200 QUALITY 30 ETF,EQ,NSE
MOMENTUM,ADITYA BIRLA SUN LIFE NIFTY 200 MOMENTUM 30 ETF,EQ,NSE
SURANAT&P,SURANA TELECOM AND POW LT,EQ,NSE
TEAMGTY,TEAM INDIA GUARANTY,EQ,NSE
INFRAIETF,ICICI PRUDENTIAL NIFTY INFRASTRUCTURE ETF,EQ,NSE
INDIAMART,INDIAMART INTERMESH,EQ,NSE
SPORTKING,SPORTKING INDIA,EQ,NSE
OFSS,ORACLE FIN SERV SOFT,EQ,NSE
UNIONBANK,UNION BANK OF INDIA,EQ,NSE
APTECHT,APTECH,EQ,NSE
SILVERADD,DSP SILVER ETF,EQ,NSE
OAL,ORIENTAL AROMATICS,EQ,NSE
NOIDATOLL,NOIDA TOLL BRIDGE CO,EQ,NSE
NUCLEUS,NUCLEUS SOFTWARE EXPORTS,EQ,NSE
SYRMA,SYRMA SGS TECHNOLOGY,EQ,NSE
CANBK,CANARA BANK,EQ,NSE
MOQUALITY,MOTILAL OSWAL BSE QUALITY ETF,EQ,NSE
MOVALUE,MOTILAL OSWAL BSE ENHANCED VALUE ETF,EQ,NSE
DREAMFOLKS,DREAMFOLKS SERVICES,EQ,NSE
GVPTECH,GVP INFOTECH,EQ,NSE
GRMOVER,GRM OVERSEAS,EQ,NSE
HDFCSILVER,HDFC SILVER ETF,EQ,NSE
DBOL,DHAMPUR BIO ORGANICS,EQ,NSE
GENESYS,GENESYS INTL CORPN,EQ,NSE
OMAXAUTO,OMAX AUTOS,EQ,NSE
GODREJIND,GODREJ INDUSTRIES,EQ,NSE
RADAAN,RADAAN MEDIAWORKS (I),EQ,NSE
JUNIORBEES,NIPPON INDIA ETF NIFTY NEXT 50 JUNIOR BEES,EQ,NSE
DIVISLAB,DIVI S LABORATORIES,EQ,NSE
TMB,TAMILNAD MERCA BANK,EQ,NSE
STCINDIA,THE STATE TRADING CORPN,EQ,NSE
RADICO,RADICO KHAITAN,EQ,NSE
INDORAMA,INDO RAMA SYNTHETICS,EQ,NSE
MARUTI,MARUTI SUZUKI INDIA,EQ,NSE
LIQUIDBEES,NIPPON INDIA ETF NIFTY 1D RATE LIQUID BEES,EQ,NSE
INFOBEAN,INFOBEANS TECHNO.,EQ,NSE
BANKIETF,ICICI PRUDENTIAL NIFTY BANK ETF,EQ,NSE
DCMNVL,DCM NOUVELLE,EQ,NSE
SATIA,SATIA INDUSTRIES,EQ,NSE
SIRCA,SIRCA PAINT INDIA,EQ,NSE
SECURKLOUD,SECUREKLOUD TECH,EQ,NSE
KSOLVES,KSOLVES INDIA,EQ,NSE
NATHBIOGEN,NATH BIO-GENES (I),EQ,NSE
AGRITECH,AGRI-TECH (INDIA),EQ,NSE
LIBAS,LIBAS CONSU PRODUCTS,EQ,NSE
SUMIT,SUMIT WOODS,EQ,NSE
CNL,CREATIVE NEWTECH,EQ,NSE
HARSHA,HARSHA ENGINEERS INT,EQ,NSE
COFFEEDAY,COFFEE DAY ENTERPRISE,EQ,NSE
IDFCFIRSTB,IDFC FIRST BANK,EQ,NSE
AXISILVER,AXIS SILVER ETF,EQ,NSE
INDIGO,INTERGLOBE AVIATION,EQ,NSE
SHK,S H KELKAR AND CO.,EQ,NSE
VARDHACRLC,VARDHAMAN ACRYLICS,EQ,NSE
UCOBANK,UCO BANK,EQ,NSE
BAGFILMS,B.A.G FILMS AND MEDIA,EQ,NSE
SUVEN,SUVEN LIFE SCIENCES,EQ,NSE
JSL,JINDAL STAINLESS,EQ,NSE
NSIL,NALWA SONS INVESTMENT,EQ,NSE
HDFCGROWTH,HDFC NIFTY GROWTH SECTORS 15 ETF,EQ,NSE
WELSPUNLIV,WELSPUN LIVING,EQ,NSE
HDFCQUAL,HDFC NIFTY100 QUALITY 30 ETF,EQ,NSE
JAIBALAJI,JAI BALAJI INDUSTRIES,EQ,NSE
HDFCVALUE,HDFC NIFTY50 VALUE 20 ETF,EQ,NSE
IGL,INDRAPRASTHA GAS,EQ,NSE
TVSELECT,TVS ELECTRONICS,EQ,NSE
DREDGECORP,DREDGING CORP OF INDIA,EQ,NSE
TVTODAY,TV TODAY NETWORK,EQ,NSE
UNIENTER,UNIPHOS ENTERPRISES,EQ,NSE
SIL,STANDARD INDUSTRIES,EQ,NSE
LUXIND,LUX INDUSTRIES,EQ,NSE
BALAXI,BALAXI PHARMA,EQ,NSE
LICNETFN50,LIC MF NIFTY 50 ETF,EQ,NSE
MUKANDLTD,MUKAND,EQ,NSE
AFFLE,AFFLE 3I,EQ,NSE
PETRONET,PETRONET LNG,EQ,NSE
PTC,PTC INDIA,EQ,NSE
DHANBANK,DHANLAXMI BANK,EQ,NSE
VAIBHAVGBL,VAIBHAV GLOBAL,EQ,NSE
TTKHLTCARE,TTK HEALTHCARE,EQ,NSE
BIOCON,BIOCON,EQ,NSE
TIPSFILMS,TIPS FILMS,EQ,NSE
MAHABANK,BANK OF MAHARASHTRA,EQ,NSE
PVTBANIETF,ICICI PRUDENTIAL NIFTY PRIVATE BANK ETF,EQ,NSE
ZOTA,ZOTA HEALTH CARE,EQ,NSE
SALZERELEC,SALZER ELECTRONICS,EQ,NSE
POONAWALLA,POONAWALLA FINCORP,EQ,NSE
XPROINDIA,XPRO INDIA,EQ,NSE
RKFORGE,RAMKRISHNA FORGINGS,EQ,NSE
DATAMATICS,DATAMATICS GLOBAL SER,EQ,NSE
NDTV,NDTV,EQ,NSE
KRITINUT,KRITI NUTRIENTS,EQ,NSE
SPANDANA,SPANDANA SPHOORTY FIN,EQ,NSE
BANKBEES,NIPPON INDIA ETF BANK BEES,EQ,NSE
LICNETFSEN,LIC MF BSE SENSEX ETF,EQ,NSE
PILANIINVS,PILANI INV & IND COR,EQ,NSE
CCL,CCL PRODUCTS (I),EQ,NSE
NV20,KOTAK NIFTY 50 VALUE 20 ETF,EQ,NSE
EXCELINDUS,EXCEL INDUSTRIES,EQ,NSE
KRIDHANINF,KRIDHAN INFRA,EQ,NSE
LT,LARSEN & TOUBRO,EQ,NSE
APARINDS,APAR INDUSTRIES,EQ,NSE
AMBICAAGAR,AMBICA AGAR & AROMAINDLTD,EQ,NSE
CENTEXT,CENTURY EXTRUSIONS,EQ,NSE
NIITLTD,NIIT,EQ,NSE
EMIL,ELECTRONICS MART IND,EQ,NSE
ULTRACEMCO,ULTRATECH CEMENT,EQ,NSE
TCS,TATA CONSULTANCY SERV LT,EQ,NSE
HDFCMOMENT,HDFC NIFTY200 MOMENTUM 30 ETF,EQ,NSE
COFORGE,COFORGE,EQ,NSE
HDFCLOWVOL,HDFC NIFTY100 LOW VOLATILITY 30 ETF,EQ,NSE
TEXINFRA,TEXMACO INFRA & HOLDG,EQ,NSE
DCI,DC INFOTECH AND COMUN,EQ,NSE
PPLPHARMA,PIRAMAL PHARMA,EQ,NSE
FORCEMOT,FORCE MOTORS,EQ,NSE
WESTLIFE,WESTLIFE FOODWORLD,EQ,NSE
GULFPETRO,GP PETROLEUMS,EQ,NSE
TRACXN,TRACXN TECHNOLOGIES,EQ,NSE
HDFCNIFTY,HDFC NIFTY 50 ETF,EQ,NSE
HDFCSENSEX,HDFC BSE SENSEX ETF,EQ,NSE
LINCOLN,LINCOLN PHARMA,EQ,NSE
GUFICBIO,GUFIC BIOSCIENCES,EQ,NSE
ASTRAMICRO,ASTRA MICROWAVE,EQ,NSE
WELENT,WELSPUN ENTERPRISES,EQ,NSE
NARMADA,NARMADA AGROBASE,EQ,NSE
NTPC,NTPC,EQ,NSE
SALSTEEL,S.A.L. STEEL,EQ,NSE
KOTARISUG,KOTHARI SUG & CHEM,EQ,NSE
LALPATHLAB,DR. LAL PATH LABS,EQ,NSE
JBMA,JBM AUTO,EQ,NSE
DWARKESH,DWARIKESH SUGAR IND,EQ,NSE
INDOCO,INDOCO REMEDIES,EQ,NSE
SUPRAJIT,SUPRAJIT ENGINEERING,EQ,NSE
PATELENG,PATEL ENGINEERING,EQ,NSE
ALKEM,ALKEM LABORATORIES,EQ,NSE
XCHANGING,XCHANGING SOLUTIONS,EQ,NSE
JSWSTEEL,JSW STEEL,EQ,NSE
JINDALPHOT,JINDAL PHOTO,EQ,NSE
JPPOWER,JAIPRAKASH POWER VEN.,EQ,NSE
GOKEX,GOKALDAS EXPORTS,EQ,NSE
ACEINTEG,ACE INTEGRATED SOLU.,EQ,NSE
EVEREADY,EVEREADY INDS. IND. ,EQ,NSE
SAKSOFT,SAKSOFT,EQ,NSE
HPIL,HINDPRAKASH INDUSTRY,EQ,NSE
ALLDIGI,ALLDIGI TECH,EQ,NSE
SUKHJITS,SUKHJIT STARCH & CHEM,EQ,NSE
IIFL,IIFL FINANCE,EQ,NSE
SHOPERSTOP,SHOPPERS STOP,EQ,NSE
WELCORP,WELSPUN CORP,EQ,NSE
SSWL,STEEL STRIPS WHEELS,EQ,NSE
NH,NARAYANA HRUDAYALAYA,EQ,NSE
CYBERMEDIA,CYBER MEDIA (INDIA),EQ,NSE
SURYALAXMI,SURYALAKSHMI COT MIL,EQ,NSE
SHAHALLOYS,SHAH ALLOYS,EQ,NSE
JKPAPER,JK PAPER,EQ,NSE
PRIMESECU,PRIME SECURITIES,EQ,NSE
63MOONS,63 MOONS TECHNOLOGIES,EQ,NSE
GRANULES,GRANULES INDIA,EQ,NSE
JSWHL,JSW HOLDINGS,EQ,NSE
MANINDS,MAN INDUSTRIES (I),EQ,NSE
VHL,VARDHMAN HOLDINGS,EQ,NSE
DCXINDIA,DCX SYSTEMS,EQ,NSE
GEOJITFSL,GEOJIT FINANCIAL SER L,EQ,NSE
GENUSPOWER,GENUS POWER INFRASTRU,EQ,NSE
SWELECTES,SWELECT ENERGY SYS,EQ,NSE
YESBANK,YES BANK,EQ,NSE
MSPL,MSP STEEL & POWER,EQ,NSE
NECLIFE,NECTAR LIFESCIENCES,EQ,NSE
FUSION,FUSION FINANCE,EQ,NSE
SPLIL,SPL INDUSTRIES,EQ,NSE
MCLEODRUSS,MCLEOD RUSSEL INDIA,EQ,NSE
MEDANTA,GLOBAL HEALTH,EQ,NSE
SEMAC,SEMAC CONSTRUCTION,EQ,NSE
VIVIMEDLAB,VIVIMED LABS,EQ,NSE
BIKAJI,BIKAJI FOODS INTERN,EQ,NSE
GOLDIAM,GOLDIAM INTERNATIONAL,EQ,NSE
RML,RANE (MADRAS),EQ,NSE
HTMEDIA,HT MEDIA,EQ,NSE
SASKEN,SASKEN TECHNOLOGIES,EQ,NSE
ICIL,INDO COUNT INDUSTRIES,EQ,NSE
SYNCOMF,SYNCOM FORMU (I),EQ,NSE
FCSSOFT,FCS SOFTWARE SOLN.,EQ,NSE
IMPAL,IND MOTOR PART & ACC,EQ,NSE
AEROENTER,AEROFLEX ENTERPRISES,EQ,NSE
SUZLON,SUZLON ENERGY,EQ,NSE
AURIONPRO,AURIONPRO SOLN,EQ,NSE
ACI,ARCHEAN CHEMICAL IND,EQ,NSE
RENUKA,SHREE RENUKA SUGARS,EQ,NSE
FIVESTAR,FIVE-STAR BUS FIN,EQ,NSE
BASML,BANNARI AM SPIN MILL,EQ,NSE
KAYNES,KAYNES TECHNOLOGY IND,EQ,NSE
HDFCNIFIT,HDFC NIFTY IT ETF,EQ,NSE
DOLATALGO,DOLAT ALGOTECH,EQ,NSE
BBTCL,B&B TRIPLEWALL CONT,EQ,NSE
HNDFDS,HINDUSTAN FOODS,EQ,NSE
INOXGREEN,INOX GREEN ENERGY SER,EQ,NSE
RUSTOMJEE,KEYSTONE REALTORS,EQ,NSE
ZIMLAB,ZIM LABORATORIES,EQ,NSE
SWSOLAR,STRLNG & WIL REN ENE,EQ,NSE
VINNY,VINNY OVERSEAS,EQ,NSE
AAATECH,AAA TECHNOLOGIES,EQ,NSE
FINIETF,ICICI PRUDENTIAL NIFTY FINANCIAL SERVICES EX-BANK ETF,EQ,NSE
PRECAM,PRECISION CAMSHAFTS,EQ,NSE
OSIAHYPER,OSIA HYPER RETAIL,EQ,NSE
MBAPL,MADHYA BHARAT AGRO P.,EQ,NSE
TEAMLEASE,TEAMLEASE SERVICES,EQ,NSE
HYBRIDFIN,HYBRID FINANCIAL SERVICE,EQ,NSE
KRISHANA,KRISHANA PHOSCHEM,EQ,NSE
SARVESHWAR,SARVESHWAR FOODS,EQ,NSE
NPBET,TATA NIFTY PRIVATE BANK ETF,EQ,NSE
DHARMAJ,DHARMAJ CROP GUARD,EQ,NSE
SAFARI,SAFARI IND (INDIA),EQ,NSE
UNIPARTS,UNIPARTS INDIA,EQ,NSE
360ONE,360 ONE WAM,EQ,NSE
IIFLCAPS,IIFL CAPITAL SERVICES,EQ,NSE
TRIVENI,TRIVENI ENGG. & INDS.,EQ,NSE
SILVER1,KOTAK SILVER ETF,EQ,NSE
AIAENG,AIA ENGINEERING,EQ,NSE
EKC,EVEREST KANTO CYLINDERLTD,EQ,NSE
VIMTALABS,VIMTA LABS,EQ,NSE
NAHARINDUS,NAHAR INDS ENT,EQ,NSE
ORIENTCER,ORIENT CERATECH,EQ,NSE
QUICKHEAL,QUICK HEAL TECH,EQ,NSE
KERNEX,KERNEX MICROSYS(I),EQ,NSE
REPRO,REPRO INDIA,EQ,NSE
EBBETF0433,BHARAT BOND ETF - APRIL 2033,EQ,NSE
GSEC10IETF,ICICI PRUDENTIAL NIFTY 10 YR BENCHMARK G-SEC ETF,EQ,NSE
PVRINOX,PVR INOX,EQ,NSE
CELEBRITY,CELEBRITY FASHIONS,EQ,NSE
NITINSPIN,NITIN SPINNERS,EQ,NSE
ROHLTD,ROYAL ORCHID HOTELS,EQ,NSE
ENIL,ENTERTAIN NET. IND.,EQ,NSE
GSPL,GUJARAT STATE PETRO,EQ,NSE
COMMOIETF,ICICI PRUDENTIAL NIFTY COMMODITIES ETF,EQ,NSE
JAGRAN,JAGRAN PRAKASHAN,EQ,NSE
SULA,SULA VINEYARDS,EQ,NSE
SAKUMA,SAKUMA EXPORTS,EQ,NSE
KEC,KEC INTL.,EQ,NSE
JKCEMENT,JK CEMENT,EQ,NSE
INDOTECH,INDO TECH TRANSFORM,EQ,NSE
LANDMARK,LANDMARK CARS,EQ,NSE
M&MFIN,M&M FIN. SERVICES,EQ,NSE
AFSL,ABANS FINANCIAL SRVCS,EQ,NSE
BLKASHYAP,B.L.KASHYAP & SON,EQ,NSE
VISASTEEL,VISA STEEL,EQ,NSE
NITCO,NITCO,EQ,NSE
CENTURYPLY,CENTURY PLYBOARDS (I),EQ,NSE
KEI,KEI INDUSTRIES,EQ,NSE
SOLARINDS,SOLAR INDUSTRIES (I),EQ,NSE
GALLANTT,GALLANTT ISPAT,EQ,NSE
VAKRANGEE,VAKRANGEE,EQ,NSE
MALUPAPER,MALU PAPER MILLS,EQ,NSE
KFINTECH,KFIN TECHNOLOGIES,EQ,NSE
SGL,STL GLOBAL,EQ,NSE
UTTAMSUGAR,UTTAM SUGAR MILLS,EQ,NSE
KKCL,KEWAL KIRAN CLOTHING,EQ,NSE
BHAGERIA,BHAGERIA INDUSTRIES,EQ,NSE
SUNTV,SUN TV NETWORK,EQ,NSE
GPIL,GODAWARI POW & ISP,EQ,NSE
RSYSTEMS,R SYS INTERNATIONAL,EQ,NSE
EMKAY,EMKAY GLOBAL FIN SERV,EQ,NSE
ELIN,ELIN ELECTRONICS,EQ,NSE
KELLTONTEC,KELLTON TECH SOL,EQ,NSE
LOKESHMACH,LOKESH MACHINES,EQ,NSE
BALPHARMA,BAL PHARMA,EQ,NSE
RATNAMANI,RATNAMANI MET & TUB,EQ,NSE
KAMDHENU,KAMDHENU,EQ,NSE
PIONEEREMB,PIONEER EMBROIDERIES,EQ,NSE
JKLAKSHMI,JK LAKSHMI CEMENT,EQ,NSE
PFOCUS,PRIME FOCUS,EQ,NSE
ALLCARGO,ALLCARGO LOGISTICS,EQ,NSE
AKASH,AKASH INFRA-PROJECTS,EQ,NSE
MUNJALAU,MUNJAL AUTO IND.,EQ,NSE
EMAMILTD,EMAMI,EQ,NSE
NECCLTD,NORTH EAST CARRY CORP,EQ,NSE
GMRAIRPORT,GMR AIRPORTS,EQ,NSE
VIDHIING,VIDHI SPCLTY F INGRDNTS L,EQ,NSE
TECHM,TECH MAHINDRA,EQ,NSE
AVONMORE,AVONMORE CAP&MGT SERV,EQ,NSE
GRINDWELL,GRINDWELL NORTON,EQ,NSE
RAMANEWS,SHREE RAMA NEWSPRINT,EQ,NSE
MANUGRAPH,MANUGRAPH INDIA,EQ,NSE
VOLTAMP,VOLTAMP TRANSFORMERS,EQ,NSE
RADIANTCMS,RADIANT CASH MGMT SER,EQ,NSE
ATLANTAA,ATLANTAA,EQ,NSE
ACE,ACTION CONST EQUIP,EQ,NSE
HGM,HANDSON GBL MNGMNT,EQ,NSE
ANTELOPUS,ANTELOPUS SELAN ENRGY,EQ,NSE
IRCTC,INDIAN RAIL TOUR CORP,EQ,NSE
ANANTRAJ,ANANT RAJ,EQ,NSE
SKYGOLD,SKY GOLD AND DIAMONDS,EQ,NSE
JMFINANCIL,JM FINANCIAL,EQ,NSE
ELECON,ELECON ENG. CO.,EQ,NSE
BANKADD,DSP NIFTY BANK ETF,EQ,NSE
TALBROAUTO,TALBROS AUTO. COMP.,EQ,NSE
ALICON,ALICON CASTALLOY,EQ,NSE
GEECEE,GEECEE VENTURES,EQ,NSE
MADHUCON,MADHUCON PROJECTS,EQ,NSE
NRL,NUPUR RECYCLERS,EQ,NSE
AERONEU,AEROFLEX NEU,EQ,NSE
INFOMEDIA,INFOMEDIA PRESS,EQ,NSE
VISHWARAJ,VISHWARAJ SUGAR IND,EQ,NSE
FIEMIND,FIEM INDUSTRIES,EQ,NSE
JHS,JHS SVEND. LAB.,EQ,NSE
DCBBANK,DCB BANK,EQ,NSE
GLOBALVECT,GLOBAL VEC HELICORP,EQ,NSE
SHYAMTEL,SHYAM TELECOM,EQ,NSE
GTLINFRA,GTL INFRA.LTD,EQ,NSE
FLUOROCHEM,GUJARAT FLUOROCHEM,EQ,NSE
NAUKRI,INFO EDGE (I),EQ,NSE
MANOMAY,MANOMAY TEX INDIA,EQ,NSE
SHIVAMAUTO,SHIVAM AUTO.LTD,EQ,NSE
BBL,BHARAT BIJLEE,EQ,NSE
VGL,VARVEE GLOBAL,EQ,NSE
GESHIP,THE GE SHPG.LTD,EQ,NSE
TORNTPOWER,TORRENT POWER,EQ,NSE
PARSVNATH,PARSVNATH DEVELOPER,EQ,NSE
BAIDFIN,BAID FINSERV,EQ,NSE
MANALIPETC,MANALI PETROCHEMICALS LT,EQ,NSE
SUTLEJTEX,SUTLEJ TEXT & INDUS,EQ,NSE
GREENPANEL,GREENPANEL INDUSTRIES,EQ,NSE
KAMOPAINTS,KAMDHENU VENTURES,EQ,NSE
LTFOODS,LT FOODS,EQ,NSE
RUCHIRA,RUCHIRA PAPERS,EQ,NSE
SOBHA,SOBHA,EQ,NSE
DONEAR,DONEAR IND.,EQ,NSE
MMFL,MM FORGINGS,EQ,NSE
VENUSREM,VENUS REMEDIES,EQ,NSE
AARTIPHARM,AARTI PHARMALABS,EQ,NSE
KUANTUM,KUANTUM PAPERS,EQ,NSE
JINDRILL,JINDAL DRILLING IND.,EQ,NSE
BANCOINDIA,BANCO PRODUCTS (I),EQ,NSE
HIRECT,HIND RECTIFIER,EQ,NSE
CREST,CREST VENTURES,EQ,NSE
PLASTIBLEN,PLASTIBLENDS INDIA,EQ,NSE
NFL,NATIONAL FERT.,EQ,NSE
PRAENG,PRAJAY ENG. SYN.,EQ,NSE
LIQUID1,KOTAK NIFTY 1D RATE LIQUID ETF,EQ,NSE
PARACABLES,PARAMOUNT COMM,EQ,NSE
HBLENGINE,HBL ENGINEERING,EQ,NSE
TANLA,TANLA PLATFORMS,EQ,NSE
JASH,JASH ENGINEERING,EQ,NSE
ABSLBANETF,ADITYA BIRLA SUN LIFE NIFTY BANK ETF,EQ,NSE
AVTNPL,AVT NATURAL PRODUCTS,EQ,NSE
LUMAXTECH,LUMAX AUTO TECH,EQ,NSE
VEEDOL,VEEDOL CORPORATION,EQ,NSE
SARLAPOLY,SARLA PERF. FIBERS,EQ,NSE
SANGHVIMOV,SANGHVI MOVERS,EQ,NSE
ASMS,BARTRONICS INDIA,EQ,NSE
SAGCEM,SAGAR CEMENTS,EQ,NSE
IGPL,I G PETROCHEMICALS,EQ,NSE
SIYSIL,SIYARAM SILK MILLS,EQ,NSE
PTL,PTL ENTERPRISES,EQ,NSE
AUTOIND,AUTOLINE INDUSTRIES,EQ,NSE
NETWORK18,NETWORK18 MEDIA & INV,EQ,NSE
GANDHITUBE,GANDHI SPL. TUBES,EQ,NSE
PITTIENG,PITTI ENGINEERING,EQ,NSE
SBGLP,SURATWWALA BUS GROUP,EQ,NSE
BTML,BODHI TREE MULTIMEDIA,EQ,NSE
UNOMINDA,UNO MINDA,EQ,NSE
NSLNISP,NMDC STEEL,EQ,NSE
NINSYS,NINTEC SYSTEMS,EQ,NSE
TIMKEN,TIMKEN INDIA,EQ,NSE
HUBTOWN,HUBTOWN,EQ,NSE
CTE,CAMBRIDGE TECH ENTER,EQ,NSE
TIIL,TECHNOCRAFT IND,EQ,NSE
HDFCBSE500,HDFC BSE 500 ETF,EQ,NSE
HDFCSML250,HDFC NIFTY SMALLCAP 250 ETF,EQ,NSE
HDFCMID150,HDFC NIFTY MIDCAP 150 ETF,EQ,NSE
TVSSRICHAK,TVS SRICHAKRA,EQ,NSE
REDINGTON,REDINGTON,EQ,NSE
PGIL,PEARL GLOBAL IND,EQ,NSE
ORIENTBELL,ORIENT BELL,EQ,NSE
GOLDETF,MIRAE ASSET GOLD ETF,EQ,NSE
VIYASH,VIYASH SCIENTIFIC,EQ,NSE
PFC,POWER FIN CORP,EQ,NSE
FSL,FIRSTSOURCE SOLU.,EQ,NSE
OSWALSEEDS,SHREEOSWAL S AND CHE,EQ,NSE
INDIANB,INDIAN BANK,EQ,NSE
TFL,TRANSWARRANTY FIN.,EQ,NSE
SMSPHARMA,SMS PHARMACEUTICALS,EQ,NSE
HSCL,HIMADRI SPECIALITY CHEM L,EQ,NSE
GANESHHOU,GANESH HOUSING,EQ,NSE
ORIENTALTL,ORIENTAL TRIMEX,EQ,NSE
APOLLOPIPE,APOLLO PIPES,EQ,NSE
IDEA,VODAFONE IDEA,EQ,NSE
POCL,PONDY OXIDES & CHEM,EQ,NSE
AMDIND,AMD INDUSTRIES,EQ,NSE
RAJTV,RAJ TV NETWORK,EQ,NSE
PAGEIND,PAGE INDUSTRIES,EQ,NSE
ASTRAL,ASTRAL,EQ,NSE
LAOPALA,LA OPALA RG,EQ,NSE
GOLDBEES,NIPPON INDIA ETF GOLD BEES,EQ,NSE
JKTYRE,JK TYRE & INDUSTRIES,EQ,NSE
NAHARSPING,NAHAR SPINNING MILLS,EQ,NSE
NAHARPOLY,NAHAR POLY FILMS,EQ,NSE
DIVGIITTS,DIVGI TORQTRANSFER SYST L,EQ,NSE
GOKULAGRO,GOKUL AGRO RESOURCES,EQ,NSE
THEMISMED,THEMIS MEDICARE,EQ,NSE
NCLIND,NCL INDUSTRIES,EQ,NSE
BALAMINES,BALAJI AMINES,EQ,NSE
BANSWRAS,BANSWARA SYNTEX,EQ,NSE
ABSLLIQUID,ADITYA BIRLA SUN LIFE CRISIL LIQUID OVERNIGHT ETF,EQ,NSE
ICRA,ICRA,EQ,NSE
GOLDBETA,UTI MUTUAL FUND - UTI GOLD EXCHANGE TRADED FUND,EQ,NSE
DISHTV,DISH TV INDIA,EQ,NSE
NDLVENTURE,NDL VENTURES,EQ,NSE
PHOENIXLTD,THE PHOENIX MILLS,EQ,NSE
AROGRANITE,ARO GRANITE IND.,EQ,NSE
ZENITHSTL,ZENITH STEEL PIP IND,EQ,NSE
SRHHYPOLTD,SREE RAYALSEEMA HHP,EQ,NSE
PSUBNKIETF,ICICI PRUDENTIAL NIFTY PSU BANK ETF,EQ,NSE
FORTIS,FORTIS HEALTHCARE,EQ,NSE
ALPHAGEO,ALPHAGEO (INDIA),EQ,NSE
GSLSU,GLOBAL SURFACES,EQ,NSE
WEBELSOLAR,WEBSOL ENERGY SYSTEM,EQ,NSE
TGBHOTELS,TGB BANQUETS&HOTELS,EQ,NSE
CHEMBOND,CHEMBOND MATERIALTECH,EQ,NSE
HILTON,HILTON METAL FORGING,EQ,NSE
INSECTICID,INSECTICIDES (I),EQ,NSE
KMSUGAR,K M SUGAR MILLS,EQ,NSE
NAVINFLUOR,NAVIN FLUORINE INT.,EQ,NSE
GUJAPOLLO,GUJ. APOLLO IND.,EQ,NSE
GOACARBON,GOA CARBON,EQ,NSE
NAGREEKEXP,NAGREEKA EXPORTS,EQ,NSE
TIMETECHNO,TIME TECHNOPLAST,EQ,NSE
HGS,HINDUJA GLOBAL SOLS.,EQ,NSE
AXSENSEX,AXIS BSE SENSEX ETF,EQ,NSE
ADVANIHOTR,ADVANI HOT.& RES.(I),EQ,NSE
NELCAST,NELCAST,EQ,NSE
V2RETAIL,V2 RETAIL,EQ,NSE
LOWVOL,MIRAE ASSET NIFTY 100 LOW VOLATILITY 30 ETF,EQ,NSE
SPARC,SUN PHARMA ADV.RES.CO.LTD,EQ,NSE
ADSL,ALLIED DIGITAL SERV.,EQ,NSE
WSI,W.S.INDUSTRIES (I),EQ,NSE
DECCANCE,DECCAN CEMENTS,EQ,NSE
VIPCLOTHNG,VIP CLOTHING,EQ,NSE
ALPA,ALPA LABORATORIES,EQ,NSE
OMAXE,OMAXE,EQ,NSE
GOLD1,KOTAK GOLD ETF,EQ,NSE
ASIANTILES,ASIAN GRANITO IND.,EQ,NSE
AKI,AKI INDIA,EQ,NSE
CENTRALBK,CENTRAL BANK OF INDIA,EQ,NSE
SAHYADRI,SAHYADRI INDUSTRIES,EQ,NSE
KDDL,KDDL,EQ,NSE
KPRMILL,KPR MILL,EQ,NSE
PURVA,PURAVANKARA,EQ,NSE
LAL,LORENZINI APPARELS,EQ,NSE
CIEINDIA,CIE AUTOMOTIVE INDIA,EQ,NSE
GSEC10YEAR,MIRAE ASSET NIFTY 8-13 YR G-SEC ETF,EQ,NSE
NAGREEKCAP,NAGREEKA CAP & INFR.LTD,EQ,NSE
MOTILALOFS,MOTILAL OSWAL FIN,EQ,NSE
INDOWIND,INDOWIND ENERGY,EQ,NSE
MAGNUM,MAGNUM VENTURES,EQ,NSE
CSBBANK,CSB BANK,EQ,NSE
KSCL,KAVERI SEED CO.,EQ,NSE
POWERGRID,POWER GRID CORP.,EQ,NSE
CENTUM,CENTUM ELECTRONICS,EQ,NSE
CCCL,CONS. CONST. CONSORT,EQ,NSE
MAANALU,MAAN ALUMINIUM,EQ,NSE
PSUBNKBEES,NIPPON INDIA ETF PSU BANK BEES,EQ,NSE
BAJAJELEC,BAJAJ ELECT.LTD,EQ,NSE
CERA,CERA SANITARYWARE,EQ,NSE
DELTACORP,DELTA CORP,EQ,NSE
ENERGYDEV,ENERGY DEVE. CO.LTD,EQ,NSE
AVALON,AVALON TECHNOLOGIES,EQ,NSE
PSUBANK,KOTAK NIFTY PSU BANK ETF,EQ,NSE
BLAL,BEML LAND ASSETS,EQ,NSE
RELIGARE,RELIGARE ENTER.,EQ,NSE
BVCL,BARAK VALLEY CEM.,EQ,NSE
ADANIPORTS,ADANI PORT & SEZ,EQ,NSE
SILVERBETA,UTI SILVER ETF,EQ,NSE
EDELWEISS,EDELWEISS FIN SERV,EQ,NSE
SVLL,SHREE VASU LOGISTICS,EQ,NSE
KOLTEPATIL,KOLTE PATIL DEV.,EQ,NSE
RGL,RENAISSANCE GLOBAL,EQ,NSE
KAUSHALYA,KAUSHALYA INFRA DEV,EQ,NSE
COLPAL,COLGATE PALMOLIVE,EQ,NSE
JYOTHYLAB,JYOTHY LABS,EQ,NSE
MADHAV,MADHAV MARBLE & GRANITE,EQ,NSE
KALYANIFRG,KALYANI FORGE,EQ,NSE
RHL,ROBUST HOTELS,EQ,NSE
HITECHCORP,HITECH CORPORATION,EQ,NSE
TARIL,TRANS & RECTI.,EQ,NSE
ECLERX,ECLERX SERVICES,EQ,NSE
KIRLPNU,KIRLOSKAR PNEUMATIC COM L,EQ,NSE
BRIGADE,BRIGADE ENTER.,EQ,NSE
MANAKSIA,MANAKSIA,EQ,NSE
ARIES,ARIES AGRO,EQ,NSE
PPAP,PPAP AUTOMOTIVE,EQ,NSE
DVL,DHUNSERI VENTURES,EQ,NSE
PATINTLOG,PATEL INT. LOG.,EQ,NSE
UJJIVANSFB,UJJIVAN SMALL FINANC BANK,EQ,NSE
LICNFNHGP,LIC MF NIFTY 100 ETF,EQ,NSE
AMBIKCO,AMBIKA COTTON MILL,EQ,NSE
BIRLAMONEY,ADITYA BIRLA MONEY,EQ,NSE
CEATLTD,CEAT,EQ,NSE
RPOWER,RELIANCE POWER,EQ,NSE
JKIL,JKUMAR INFR.LTD.,EQ,NSE
CORDSCABLE,CORDS CABLE INDUS,EQ,NSE
ONMOBILE,ONMOBILE GLOBAL,EQ,NSE
KNRCON,KNR CONSTRU,EQ,NSE
VIRINCHI,VIRINCHI,EQ,NSE
BANG,BANG OVERSEAS,EQ,NSE
SEPC,SEPC,EQ,NSE
IRB,IRB INFRA DEV,EQ,NSE
QGOLDHALF,QUANTUM GOLD FUND,EQ,NSE
NMDC,NMDC,EQ,NSE
RAIN,RAIN INDUSTRIES,EQ,NSE
SHALPAINTS,SHALIM PAINTS,EQ,NSE
SADHNANIQ,SADHANA NITROCHEM,EQ,NSE
GSS,GSS INFOTECH,EQ,NSE
GOLDADD,DSP GOLD ETF,EQ,NSE
NAHARCAP,NAHAR CAP & FIN.,EQ,NSE
VGUARD,V-GUARD IND,EQ,NSE
PDMJEPAPER,PUDUMJEE PAPER PRO.,EQ,NSE
MANKIND,MANKIND PHARMA,EQ,NSE
RACE,RACE ECO CHAIN,EQ,NSE
EIHAHOTELS,EIH ASSOCIATED HOTELS - OBEROI HOTELS,EQ,NSE
ATAM,ATAM VALVES,EQ,NSE
NESCO,NESCO,EQ,NSE
TITAGARH,TITAGARH RAIL SYSTEMS,EQ,NSE
DPSCLTD,DPSC,EQ,NSE
ACL,ANDHRA CEMENTS,EQ,NSE
HCG,HEALTHCARE GLOB. ENT.,EQ,NSE
AVG,AVG LOGISTICS,EQ,NSE
ATALREAL,ATAL REALTECH,EQ,NSE
PIGL,POWER INSTRUMENT (G),EQ,NSE
LATTEYS,LATTEYS INDUSTRIES,EQ,NSE
HINDWAREAP,HINDWARE HME INOVATON,EQ,NSE
PRINCEPIPE,PRINCE PIPES FITTINGS,EQ,NSE
BHARATWIRE,BHARAT WIRE ROPES,EQ,NSE
PAVNAIND,PAVNA INDUSTRIES,EQ,NSE
CCAVENUE,AVENUESAI,EQ,NSE
EBBETF0430,BHARAT BOND ETF - APRIL 2030,EQ,NSE
MMP,MMP INDUSTRIES,EQ,NSE
VAISHALI,VAISHALI PHARMA,EQ,NSE
KIRIINDUS,KIRI INDUSTRIES,EQ,NSE
ANIKINDS,ANIK INDUSTRIES,EQ,NSE
SIGMA,SIGMA SOLVE,EQ,NSE
BAJAJFINSV,BAJAJ FINSERV,EQ,NSE
PTCIL,PTC INDUSTRIES,EQ,NSE
DIGISPICE,DIGISPICE TECHNOLOGIES LT,EQ,NSE
GHCLTEXTIL,GHCL TEXTILES,EQ,NSE
GOKUL,GOKUL REFOILS & SOLV,EQ,NSE
UBL,UNITED BREWERIES,EQ,NSE
ALMONDZ,ALMONDZ GLOBAL SEC,EQ,NSE
RPGLIFE,RPG LIFE SCIENCES,EQ,NSE
MKPL,M K PROTEINS,EQ,NSE
SILVERAG,MIRAE ASSET SILVER ETF,EQ,NSE
GVT&D,GE VERNOVA T&D INDIA,EQ,NSE
ARCHIDPLY,ARCHIDPLY IND.,EQ,NSE
LOTUSEYE,LOTUS EYE HOSP & INST L,EQ,NSE
QNIFTY,QUANTUM NIFTY 50 ETF,EQ,NSE
VINYLINDIA,VINYL CHEMICALS (I),EQ,NSE
IKIO,IKIO TECHNOLOGIES,EQ,NSE
KOKUYOCMLN,KOKUYO CAMLIN,EQ,NSE
SINDHUTRAD,SINDHU TRADE LINKS,EQ,NSE
LPDC,LANDMARK PR.DEV.CO.LTD,EQ,NSE
DPWIRES,D P WIRES,EQ,NSE
TOUCHWOOD,TOUCHWOOD ENTERTAIN,EQ,NSE
ARTEMISMED,ARTEMIS MED SERVICE,EQ,NSE
ZFCVINDIA,ZF COM VE CTR SYS IND,EQ,NSE
20MICRONS,20 MICRONS,EQ,NSE
JOCIL,JOCIL,EQ,NSE
INDBANK,INDBANK MERCH BANK,EQ,NSE
ASHOKAMET,ASHOKA METCAST,EQ,NSE
ALKALI,ALKALI METALS,EQ,NSE
COUNCODOS,COUNTRY CONDO S,EQ,NSE
TPHQ,TEAMO PRODUCTIONS HQ,EQ,NSE
MAWANASUG,MAWANA SUGARS,EQ,NSE
PATANJALI,PATANJALI FOODS,EQ,NSE
THYROCARE,THYROCARE TECH,EQ,NSE
SHARIABEES,NIPPON INDIA ETF NIFTY 50 SHARIAH BEES,EQ,NSE
HMAAGRO,HMA AGRO INDUSTRIES,EQ,NSE
PALREDTEC,PALRED TECHNOLOGIES,EQ,NSE
URAVIDEF,URAVI DEFENCE &TECH,EQ,NSE
CROMPTON,CROMPT GREA CON ELEC,EQ,NSE
SUMICHEM,SUMITOMO CHEM INDIA,EQ,NSE
PARAGMILK,PARAG MILK FOODS,EQ,NSE
IDEAFORGE,IDEAFORGE TECHNO,EQ,NSE
AARTECH,AARTECH SOLONICS,EQ,NSE
MIDCAPIETF,ICICI PRUDENTIAL NIFTY MIDCAP 150 ETF,EQ,NSE
NEXT50,MIRAE ASSET NIFTY NEXT 50 ETF,EQ,NSE
SHRIPISTON,SHRIRAM PIST. & RING,EQ,NSE
CYIENTDLM,CYIENT DLM,EQ,NSE
PAKKA,PAKKA,EQ,NSE
ITADD,DSP NIFTY IT ETF,EQ,NSE
ALBERTDAVD,ALBERT DAVID,EQ,NSE
ARMANFIN,ARMAN FIN SERV,EQ,NSE
ASPINWALL,ASPINWALL & CO,EQ,NSE
SENCO,SENCO GOLD,EQ,NSE
SETFGOLD,SBI GOLD ETF,EQ,NSE
BLS,BLS INTL SERVS,EQ,NSE
NAGAFERT,NAGARJUN FERT AND CHE,EQ,NSE
AJMERA,AJMERA REALTY & INF I,EQ,NSE
LLOYDSME,LLOYDS METALS N ENERGY L,EQ,NSE
MHRIL,MAHINDRA HOLIDAYS,EQ,NSE
SALONA,SALONA COTSPIN,EQ,NSE
UTKARSHBNK,UTKARSH SMALL FIN BANK L,EQ,NSE
VINATIORGA,VINATI ORGANICS,EQ,NSE
EXCEL,EXCEL REALTY N INFRA,EQ,NSE
ADANIPOWER,ADANI POWER,EQ,NSE
SETF10GILT,SBI NIFTY 10 YR BENCHMARK G-SEC ETF,EQ,NSE
PREMEXPLN,PREMIER EXPLOSIVES,EQ,NSE
NHPC,NHPC,EQ,NSE
BANKETF,MIRAE ASSET NIFTY BANK ETF,EQ,NSE
GLOBUSSPR,GLOBUS SPIRITS,EQ,NSE
NETWEB,NETWEB TECH INDIA,EQ,NSE
OIL,OIL INDIA,EQ,NSE
NV20IETF,ICICI PRUDENTIAL NIFTY50 VALUE 20 ETF,EQ,NSE
CONTROLPR,CONTROL PRINT,EQ,NSE
EXPLEOSOL,EXPLEO SOLUTIONS,EQ,NSE
INCREDIBLE,INCREDIBLE INDUSTRIES,EQ,NSE
SETCO,SETCO AUTOMOTIVE,EQ,NSE
RTNPOWER,RATTANINDIA POWER,EQ,NSE
MGL,MAHANAGAR GAS,EQ,NSE
DAMODARIND,DAMODAR INDUSTRIES,EQ,NSE
AMRUTANJAN,AMRUTAJAN HEALTH,EQ,NSE
LIQUID,MIRAE ASSET NIFTY 1D RATE LIQUID ETF-IDCW,EQ,NSE
PVTBANKADD,DSP NIFTY PRIVATE BANK ETF,EQ,NSE
ASALCBR,ASSO ALCOHOLS & BREW,EQ,NSE
MAHEPC,MAHINDRA EPC IRRIG,EQ,NSE
SENSEXADD,DSP BSE SENSEX ETF,EQ,NSE
PSUBANKADD,DSP NIFTY PSU BANK ETF,EQ,NSE
MOLDTECH,MOLD-TEK TECHNOLOGIES,EQ,NSE
ZYDUSWELL,ZYDUS WELLNESS,EQ,NSE
SUNTECK,SUNTECK REALTY,EQ,NSE
POKARNA,POKARNA,EQ,NSE
ALOKINDS,ALOK INDUSTRIES,EQ,NSE
GPTINFRA,GPT INFRAPROJECTS,EQ,NSE
LTGILTBEES,NIPPON INDIA ETF LONG TERM GILT,EQ,NSE
MIDSELIETF,ICICI PRUDENTIAL BSE MIDCAP SELECT ETF,EQ,NSE
QUESS,QUESS CORP,EQ,NSE
DEN,DEN NETWORKS,EQ,NSE
ASTEC,ASTEC LIFESCIENCES,EQ,NSE
YATHARTH,YATHARTH HOSP & TRA C S L,EQ,NSE
BAFNAPH,BAFNA PHARMACEUTICALS,EQ,NSE
NIITMTS,NIIT LEARNING SYSTEMS,EQ,NSE
SHILPAMED,SHILPA MEDICARE,EQ,NSE
SARDAEN,SARDA ENERGY & MIN,EQ,NSE
REFEX,REFEX INDUSTRIES,EQ,NSE
GROBTEA,THE GROB TEA COMPANY,EQ,NSE
ATL,ALLCARGO TERMINALS,EQ,NSE
SOMICONVEY,SOMI CONVEYOR BELT.,EQ,NSE
TREL,TRANSINDIA REAL ESTATE L,EQ,NSE
LLOYDSENGG,LLOYDS ENGG WORK,EQ,NSE
QUAL30IETF,ICICI PRUDENTIAL NIFTY 200 QUALITY 30 ETF,EQ,NSE
LTM,LTIMINDTREE,EQ,NSE
AHLUCONT,AHLUWALIA CONT IND,EQ,NSE
GILLANDERS,GILLANDERS ARBUTHNOT,EQ,NSE
DLINKINDIA,D-LINK INDIA,EQ,NSE
REDTAPE,REDTAPE,EQ,NSE
JSWENERGY,JSW ENERGY,EQ,NSE
GODREJPROP,GODREJ PROPERTIES,EQ,NSE
DBCORP,D.B.CORP,EQ,NSE
GATECH,GACM TECHNOLOGIES,EQ,NSE
ABBOTINDIA,ABBOTT INDIA,EQ,NSE
GEEKAYWIRE,GEEKAY WIRES,EQ,NSE
BAYERCROP,BAYER CROPSCIENCE,EQ,NSE
BEARDSELL,BEARDSELL,EQ,NSE
HINDCOPPER,HINDUSTAN COPPER,EQ,NSE
COHANCE,COHANCE LIFESCIENCES,EQ,NSE
MMTC,MMTC,EQ,NSE
NESTLEIND,NESTLE INDIA,EQ,NSE
SBICARD,SBI CARDS & PAY SER,EQ,NSE
UNITEDTEA,UNITED NILGIRI TEA,EQ,NSE
WHIRLPOOL,WHIRLPOOL OF INDIA,EQ,NSE
VLEGOV,VL E GOV AND IT SOL,EQ,NSE
SBFC,SBFC FINANCE,EQ,NSE
MBLINFRA,MBL INFRASTRUCTURE,EQ,NSE
ADVENZYMES,ADVANCED ENZYME TECH,EQ,NSE
MINDTECK,MINDTECK (INDIA),EQ,NSE
CONCORDBIO,CONCORD BIOTECH,EQ,NSE
DBL,DILIP BUILDCON,EQ,NSE
JUBLFOOD,JUBILANT FOODWORKS,EQ,NSE
NIFTY1,KOTAK NIFTY 50 ETF,EQ,NSE
VASCONEQ,VASCON ENGINEERS,EQ,NSE
THANGAMAYL,THANGAMAYIL JEWELLERY,EQ,NSE
SRGHFL,SRG HOUSING FINANCE L,EQ,NSE
DBREALTY,VALOR ESTATE,EQ,NSE
YASHO,YASHO INDUSTRIES,EQ,NSE
DOLPHIN,DOLPHIN OFF ENT (IND) L,EQ,NSE
EMMBI,EMMBI INDUSTRIES,EQ,NSE
JIOFIN,JIO FIN SERVICES,EQ,NSE
HATHWAY,HATHWAY CABLE & DATACOM,EQ,NSE
ORIENTLTD,ORIENT PRESS,EQ,NSE
TEXMOPIPES,TEXMO PIPE & PRODUCTS,EQ,NSE
KECL,KIRLOSKAR ELECTRIC CO,EQ,NSE
MANINFRA,MAN INFRA,EQ,NSE
LORDSCHLO,LORDS CHLORO ALKALI,EQ,NSE
PYRAMID,PYRAMID TECHNOPLAST,EQ,NSE
SPAL,S. P. APPARELS,EQ,NSE
AEROFLEX,AEROFLEX INDUSTRIES,EQ,NSE
HDFCLIQUID,HDFC NIFTY 1D RATE LIQUID ETF - GROWTH,EQ,NSE
HNGSNGBEES,NIPPON INDIA ETF HANG SENG BEES,EQ,NSE
IVZINGOLD,INVESCO INDIA GOLD EXCHANGE TRADED FUND,EQ,NSE
LGBBROSLTD,LG BALAKRISHNAN & BROS,EQ,NSE
VPRPL,VISHNU PRAKASH R PUNGLI L,EQ,NSE
MIDCAPBETA,UTI NIFTY MIDCAP 150 ETF,EQ,NSE
SANDUMA,SANDUR MANG & IRON ORES L,EQ,NSE
PERSISTENT,PERSISTENT SYSTEMS,EQ,NSE
NDGL,NAGA DHUNSERI GROUP,EQ,NSE
RBLBANK,RBL BANK,EQ,NSE
RISHABH,RISHABH INSTRUMENTS,EQ,NSE
ASIANHOTNR,ASIAN HOTELS (NORTH),EQ,NSE
RATNAVEER,RATNAVEER PRECISION ENG L,EQ,NSE
BIGBLOC,BIGBLOC CONSTRUCTION,EQ,NSE
POWERINDIA,HITACHI ENERGY INDIA,EQ,NSE
ISFT,INTRASOFT TECH.,EQ,NSE
TVVISION,TV VISION,EQ,NSE
CUPID,CUPID,EQ,NSE
DIACABS,DIAMOND POWER INFRA,EQ,NSE
JLHL,JUPITER LIFE LINE HOSP L,EQ,NSE
MITTAL,MITTAL LIFE STYLE,EQ,NSE
LTTS,L&T TECHNOLOGY SER.,EQ,NSE
RRKABEL,R R KABEL,EQ,NSE
GNA,GNA AXLES,EQ,NSE
KIRLOSBROS,KIRLOSKAR BROTHERS,EQ,NSE
ZAGGLE,ZAGGLE PREPA OCEAN SER L,EQ,NSE
SAMHI,SAMHI HOTELS,EQ,NSE
DIAMINESQ,DIAMINES & CHEMICALS,EQ,NSE
ICICIPRULI,ICICI PRU LIFE INS CO,EQ,NSE
MARATHON,MARATHON NXTGEN REALT,EQ,NSE
NAVNIFINAV,NAVIAMC - NAVNIFINAV,EQ,NSE
HPL,HPL ELECTRIC & POWER,EQ,NSE
NUVAMA,NUVAMA WEALTH MANAGE,EQ,NSE
MASKINVEST,MASK INVESTMENTS,EQ,NSE
SIGNATURE,SIGNATUREGLOBAL INDIA,EQ,NSE
KALAMANDIR,SAI SILKS (KALAMANDIR) L,EQ,NSE
YATRA,YATRA ONLINE,EQ,NSE
IDFNIFTYET,BANDHAN NIFTY 50 ETF,EQ,NSE
ENDURANCE,ENDURANCE TECHNO.,EQ,NSE
TARAPUR,TARAPUR TRANSFORMERS,EQ,NSE
VERTOZ,VERTOZ,EQ,NSE
MAZDA,MAZDA,EQ,NSE
SJVN,SJVN,EQ,NSE
KSL,KALYANI STEELS,EQ,NSE
PNBHOUSING,PNB HOUSING FIN,EQ,NSE
VBL,VARUN BEVERAGES,EQ,NSE
SUNDARAM,SUNDARAM MULTI PAP,EQ,NSE
KINGFA,KINGFA SCI & TEC IND,EQ,NSE
RAJRATAN,RAJRATAN GLOBAL WIRE,EQ,NSE
UNIVASTU,UNIVASTU INDIA,EQ,NSE
MVGJL,MANOJ VAIBHAV GEM N JEW L,EQ,NSE
JSWINFRA,JSW INFRASTRUCTURE,EQ,NSE
KIRLOSIND,KIRLOSKAR INDUSTRIES,EQ,NSE
PODDARMENT,PODDAR PIGMENTS,EQ,NSE
MANAPPURAM,MANAPPURAM FINANCE,EQ,NSE
AARVI,AARVI ENCON,EQ,NSE
ITBEES,NIPPON INDIA ETF NIFTY IT,EQ,NSE
SILLYMONKS,SILLY MONKS ENTERTAIN,EQ,NSE
NBIFIN,N.B.I. IND. FIN. CO.,EQ,NSE
UDS,UPDATER SERVICES,EQ,NSE
KIOCL,KIOCL,EQ,NSE
SFL,SHEELA FOAM,EQ,NSE
TI,TILAKNAGAR INDUSTRIES,EQ,NSE
HEADSUP,HEADS UP VENTURES,EQ,NSE
HMVL,HINDUSTAN MEDIA VENT,EQ,NSE
VALIANTLAB,VALIANT LABORATORIES,EQ,NSE
TCIEXP,TCI EXPRESS,EQ,NSE
SENSEXETF,MIRAE ASSET S&P BSE SENSEX ETF,EQ,NSE
AARTISURF,AARTI SURFACTANTS,EQ,NSE
LAURUSLABS,LAURUS LABS,EQ,NSE
IMFA,INDIAN METALS & FERRO,EQ,NSE
MONIFTY500,MOTILAL OSWAL NIFTY 500 ETF,EQ,NSE
BLISSGVS,BLISS GVS PHARMA,EQ,NSE
EMAMIREAL,EMAMI REALTY,EQ,NSE
THEJO,THEJO ENGINEERING,EQ,NSE
MOM50,MOTILAL OSWAL NIFTY 50 ETF,EQ,NSE
TERASOFT,TERA SOFTWARE,EQ,NSE
ITDC,INDIA TOUR. DEV. CO.,EQ,NSE
HISARMETAL,HISAR METAL IND.,EQ,NSE
SPCENET,SPACENET ENTERS IND,EQ,NSE
BOROLTD,BOROSIL,EQ,NSE
ROSSARI,ROSSARI BIOTECH,EQ,NSE
AHLEAST,ASIAN HOTELS (EAST),EQ,NSE
PLAZACABLE,PLAZA WIRES,EQ,NSE
SECMARK,SECMARK CONSULTANCY,EQ,NSE
TICL,TWAMEV CONS AND INFRA,EQ,NSE
IITL,INDUSTRIAL INV TRUST,EQ,NSE
BAJAJCON,BAJAJ CONSUMER CARE,EQ,NSE
HDFCGOLD,HDFC GOLD ETF,EQ,NSE
BHANDARI,BHANDARI HOSIERY EXP,EQ,NSE
UGARSUGAR,THE UGAR SUGAR WORKS,EQ,NSE
IRMENERGY,IRM ENERGY,EQ,NSE
PRAKASHSTL,PRAKASH STEELAGE,EQ,NSE
PRICOLLTD,PRICOL,EQ,NSE
ITETF,MIRAE ASSET NIFTY IT ETF,EQ,NSE
ALPHAETF,MIRAE ASSET NIFTY 200 ALPHA 30 ETF,EQ,NSE
MAXESTATES,MAX ESTATES,EQ,NSE
GOLDIETF,ICICI PRUDENTIAL GOLD ETF,EQ,NSE
BLUEJET,BLUE JET HEALTHCARE,EQ,NSE
LIQUIDSBI,SBI NIFTY 1D RATE LIQUID ETF - IDCW,EQ,NSE
GPPL,GUJARAT PIPAVAV PORT,EQ,NSE
ADFFOODS,ADF FOODS,EQ,NSE
MUFIN,MUFIN GREEN FINANCE,EQ,NSE
CELLO,CELLO WORLD,EQ,NSE
WELINV,WELSPUN INV & COMM,EQ,NSE
HONASA,HONASA CONSUMER - MAMAEARTH,EQ,NSE
AMNPLST,AMINES & PLASTICIZERS,EQ,NSE
LGHL,LAXMI GOLDORNA HOUSE,EQ,NSE
RADIOCITY,MUSIC BROADCAST,EQ,NSE
ESAFSFB,ESAF SMALL FINANCE BANK L,EQ,NSE
DMART,AVENUE SUPERMARTS,EQ,NSE
ORISSAMINE,ORISSA MIN DEV CO,EQ,NSE
EGOLD,EDELWEISS GOLD ETF,EQ,NSE
KILITCH,KILITCH DRUGS INDIA,EQ,NSE
DEEPAKNTR,DEEPAK NITRITE,EQ,NSE
SASTASUNDR,SASTASUNDAR VENTURES,EQ,NSE
INTENTECH,INTENSE TECHNOLOGIES,EQ,NSE
INFRABEES,NIPPON INDIA ETF INFRA BEES,EQ,NSE
CPCAP,CP CAPITAL,EQ,NSE
TASTYBITE,TASTY BITE EATABLES,EQ,NSE
GREENPOWER,ORIENT GREEN POWER CO,EQ,NSE
RAMKY,RAMKY INFRA,EQ,NSE
ASKAUTOLTD,ASK AUTOMOTIVE,EQ,NSE
ARIHANTSUP,ARIHANT SUPERSTRUCT,EQ,NSE
CANTABIL,CANTABIL RETAIL,EQ,NSE
AKSHARCHEM,AKSHARCHEM INDIA,EQ,NSE
ASHOKA,ASHOKA BUILDCON,EQ,NSE
WABAG,VA TECH WABAG,EQ,NSE
URJA,URJA GLOBAL,EQ,NSE
JWL,JUPITER WAGONS,EQ,NSE
OBEROIRLTY,OBEROI REALTY,EQ,NSE
ESILVER,EDELWEISS SILVER ETF,EQ,NSE
IREDA,INDIAN RENEWABLE ENERGY,EQ,NSE
TATATECH,TATA TECHNOLOGIES,EQ,NSE
SHAH,SHAH METACORP,EQ,NSE
PRESTIGE,PRESTIGE ESTATE,EQ,NSE
GANDHAR,GANDHAR OIL REFINE IND L,EQ,NSE
NRAIL,N R AGARWAL INDS,EQ,NSE
FEDFINA,FEDBANK FINANCIAL SER L,EQ,NSE
RESPONIND,RESPONSIVE INDUSTRIES,EQ,NSE
CGCL,CAPRI GLOBAL CAPITAL,EQ,NSE
FLAIR,FLAIR WRITING INDUST,EQ,NSE
COALINDIA,COAL INDIA,EQ,NSE
IOLCP,IOL CHEM AND PHARMA,EQ,NSE
NACLIND,NACL INDUSTRIES,EQ,NSE
APCL,ANJANI PORTLAND CEM,EQ,NSE
WIPL,THE WESTERN INDIA PLY,EQ,NSE
PRUDMOULI,PRUDENTIAL SUGAR CORPORAT,EQ,NSE
BAJEL,BAJEL PROJECTS,EQ,NSE
AXISGOLD,AXIS GOLD ETF,EQ,NSE
GRAVITA,GRAVITA INDIA,EQ,NSE
BBNPPGOLD,BARODA BNP PARIBAS GOLD ETF,EQ,NSE
DOMS,DOMS INDUSTRIES,EQ,NSE
INDIASHLTR,INDIA SHELTER FIN CORP L,EQ,NSE
DOLLAR,DOLLAR INDUSTRIES,EQ,NSE
INOXINDIA,INOX INDIA,EQ,NSE
SUPERHOUSE,SUPERHOUSE,EQ,NSE
PENIND,PENNAR INDUSTRIES,EQ,NSE
JINDWORLD,JINDAL WORLDWIDE,EQ,NSE
SCHAND,S CHAND AND COMPANY,EQ,NSE
RPPINFRA,R.P.P INFRA PROJECTS,EQ,NSE
BHAGYANGR,BHAGYANAGAR INDIA,EQ,NSE
JAMNAAUTO,JAMNA AUTO IND,EQ,NSE
MOTISONS,MOTISONS JEWELLERS,EQ,NSE
SUMEETINDS,SUMEET IND,EQ,NSE
SURAJEST,SURAJ ESTATE DEVELOPERS L,EQ,NSE
HUDCO,HSG & URBAN DEV CORPN,EQ,NSE
MOIL,MOIL,EQ,NSE
MUTHOOTMF,MUTHOOT MICROFIN,EQ,NSE
ZEELEARN,ZEE LEARN,EQ,NSE
HAPPYFORGE,HAPPY FORGINGS,EQ,NSE
RBZJEWEL,RBZ JEWELLERS,EQ,NSE
PSPPROJECT,PSP PROJECTS,EQ,NSE
MUFTI,CREDO BRANDS MARKETING L,EQ,NSE
AZAD,AZAD ENGINEERING,EQ,NSE
KIRLOSENG,KIRLOSKAR OIL ENG,EQ,NSE
RKDL,RAVI KUMAR DIST.,EQ,NSE
SUNCLAY,SUNDARAM CLAYTON,EQ,NSE
PSB,PUNJAB & SIND BANK,EQ,NSE
FMNL,FUTURE MKT NETWORKS,EQ,NSE
INNOVACAP,INNOVA CAPTAB,EQ,NSE
SURANASOL,SURANA SOLAR,EQ,NSE
STARCEMENT,STAR CEMENT,EQ,NSE
SHEKHAWATI,SHEKHAWATI INDUSTRIES,EQ,NSE
BFINVEST,BF INVESTMENT,EQ,NSE
KICL,KALYANI INVEST CO,EQ,NSE
TEJASNET,TEJAS NETWORKS,EQ,NSE
ERIS,ERIS LIFESCIENCES,EQ,NSE
CDSL,CENTRAL DEPO SER (I),EQ,NSE
GTPL,GTPL HATHWAY,EQ,NSE
AUBANK,AU SMALL FINANCE BANK,EQ,NSE
DIGIDRIVE,DIGIDRIVE DISTRIBUTORS L,EQ,NSE
AXISNIFTY,AXIS NIFTY 50 ETF,EQ,NSE
LOWVOLIETF,ICICI PRUDENTIAL NIFTY 100 LOW VOLATILITY 30 ETF,EQ,NSE
SUMMITSEC,SUMMIT SECURITIES,EQ,NSE
DYNPRO,DYNEMIC PRODUCTS,EQ,NSE
JYOTICNC,JYOTI CNC AUTOMATION,EQ,NSE
STEELXIND,STEEL EXCHANGE INDIA,EQ,NSE
SALASAR,SALASAR TECHNO ENGG.,EQ,NSE
PALASHSECU,PALASH SECURITIES,EQ,NSE
MAGADSUGAR,MAGADH SUGAR & ENERGY,EQ,NSE
GANGESSECU,GANGES SECURITIES,EQ,NSE
TATAGOLD,TATA GOLD EXCHANGE TRADED FUND,EQ,NSE
AVADHSUGAR,AVADH SUG & ENERGY,EQ,NSE
MOM100,MOTILAL OSWAL NIFTY MIDCAP 100 ETF,EQ,NSE
THEINVEST,THE INVEST TRUST OF IND L,EQ,NSE
TATSILV,TATA SILVER EXCHANGE TRADED FUND,EQ,NSE
OPTIEMUS,OPTIEMUS INFRACOM,EQ,NSE
NEXT50BETA,UTI NIFTY NEXT 50 ETF,EQ,NSE
STEL,STEL HOLDINGS,EQ,NSE
COCHINSHIP,COCHIN SHIPYARD,EQ,NSE
HALEOSLABS,HALEOS LABS,EQ,NSE
COMSYN,COMMERCIAL SYN BAGS,EQ,NSE
ABCAPITAL,ADITYA BIRLA CAPITAL,EQ,NSE
APEX,APEX FROZEN FOODS,EQ,NSE
BRNL,BHARAT ROAD NETWORK,EQ,NSE
DIXON,DIXON TECHNO (INDIA),EQ,NSE
DCAL,DISHMAN CARBO AMCIS,EQ,NSE
MEDIASSIST,MEDI ASSIST HEALTH SER L,EQ,NSE
LASA,LASA SUPERGENERICS,EQ,NSE
MATRIMONY,MATRIMONY.COM,EQ,NSE
CHOLAHLDNG,CHOLAMANDALAM FIN HOL,EQ,NSE
CAPACITE,CAPACITE INFRAPROJECT,EQ,NSE
LIQUIDCASE,ZERODHA NIFTY 1D RATE LIQUID ETF,EQ,NSE
ICICIGI,ICICI LOMBARD GIC,EQ,NSE
DAVANGERE,DAVANGERE SUGAR COMPANY L,EQ,NSE
SBILIFE,SBI LIFE INSURANCE CO,EQ,NSE
TEXRAIL,TEXMACO RAIL & ENG.,EQ,NSE
DIAMONDYD,PRATAAP SNACKS,EQ,NSE
HFCL,HFCL,EQ,NSE
INDTERRAIN,IND TERRAIN FASHIONS,EQ,NSE
NIFTYBETF,BAJAJ FINSERV NIFTY 50 ETF,EQ,NSE
BANKBETF,BAJAJ FINSERV NIFTY BANK ETF,EQ,NSE
DHUNINV,DHUNSERI INVESTMENTS,EQ,NSE
EBBETF0431,BHARAT BOND ETF - APRIL 2031,EQ,NSE
NDRAUTO,NDR AUTO COMPONENTS,EQ,NSE
WORTHPERI,WORTH PERIPHERALS,EQ,NSE
ALPL30IETF,ICICIPRAMC - ICICIALPLV,EQ,NSE
MACPOWER,MACPOWER CNC MACHINES,EQ,NSE
ITIETF,ICICI PRUDENTIAL NIFTY IT ETF,EQ,NSE
MAXHEALTH,MAX HEALTHCARE INS,EQ,NSE
LOVABLE,LOVABLE LINGERIE,EQ,NSE
TOTAL,TOTAL TRANSPORT SYS,EQ,NSE
MAXIND,MAX INDIA,EQ,NSE
HDFCNIFBAN,HDFC NIFTY BANKING ETF,EQ,NSE
BANKBETA,UTI NIFTY BANK ETF,EQ,NSE
EPACK,EPACK DURABLE,EQ,NSE
NOVAAGRI,NOVA AGRITECH,EQ,NSE
ITBETA,UTI NIFTY IT ETF,EQ,NSE
GILT5BETA,UTI NIFTY 5 YR BENCHMARK G-SEC ETF,EQ,NSE
GILT10BETA,UTI NIFTY 10 YR BENCHMARK G-SEC ETF,EQ,NSE
BLSE,BLS E-SERVICES,EQ,NSE
HEALTHADD,DSP NIFTY HEALTHCARE ETF,EQ,NSE
HDFCPSUBK,HDFC NIFTY PSU BANK ETF,EQ,NSE
PFS,PTC INDIA FIN SERV,EQ,NSE
PARKHOTELS,PARKHOTELS,EQ,NSE
SIGNPOST,SIGNPOST INDIA,EQ,NSE
JSFB,JANA SMALL FIN BANK,EQ,NSE
RPTECH,RASHI PERIPHERALS,EQ,NSE
CAPITALSFB,CAPITAL SMALL FIN BANK L,EQ,NSE
ENTERO,ENTERO HEALTHCARE SOLU L,EQ,NSE
LICNMID100,LIC MF NIFTY MIDCAP 100 ETF,EQ,NSE
VSTL,VIBHOR STEEL TUBES,EQ,NSE
MON100,MOTILAL OSWAL NASDAQ 100 ETF,EQ,NSE
JUNIPER,JUNIPER HOTELS,EQ,NSE
SMALLCAP,MIRAE ASSET NIFTY SMALLCAP 250 MOMENTUM QUALITY 100 ETF,EQ,NSE
GPTHEALTH,GPT HEALTHCARE,EQ,NSE
GOLDCASE,ZERODHA GOLD ETF,EQ,NSE
PLATIND,PLATINUM INDUSTRIES,EQ,NSE
EXICOM,EXICOM TELE SYSTEMS,EQ,NSE
MUKKA,MUKKA PROTEINS,EQ,NSE
RKSWAMY,R K SWAMY,EQ,NSE
JGCHEM,J.G.CHEMICALS,EQ,NSE
GOPAL,GOPAL SNACKS,EQ,NSE
SCILAL,SHIPPING CORP OF ILA,EQ,NSE
PVSL,POPULAR VEHICLES N SER L,EQ,NSE
KRYSTAL,KRYSTAL INTEGRATED SER L,EQ,NSE
MOSMALL250,MOTILAL OSWAL NIFTY SMALLCAP 250 ETF,EQ,NSE
MOREALTY,MOTILAL OSWAL NIFTY REALTY ETF,EQ,NSE
AQYLON,AQYLON NEXUS,EQ,NSE
SRM,SRM CONTRACTORS,EQ,NSE
LIQUIDADD,DSP BSE LIQUID RATE ETF,EQ,NSE
SINCLAIR,SINCLAIRS HOTELS,EQ,NSE
BHARTIHEXA,BHARTI HEXACOM,EQ,NSE
UEL,UJAAS ENERGY,EQ,NSE
TARACHAND,TARA CHAND INFRA SOLN,EQ,NSE
AIIL,AUTHUM INVEST & INFRA,EQ,NSE
GLOSTERLTD,GLOSTER,EQ,NSE
BALUFORGE,BALU FORGE INDUSTRIES,EQ,NSE
JNKINDIA,JNK INDIA,EQ,NSE
FILATFASH,FILATEX FASHIONS,EQ,NSE
MUTHOOTFIN,MUTHOOT FINANCE,EQ,NSE
INDGN,INDEGENE,EQ,NSE
AADHARHFC,AADHAR HOUSING FINANCE L,EQ,NSE
TBOTEK,TBO TEK,EQ,NSE
GODIGIT,GO DIGIT GENERAL INS,EQ,NSE
BSLGOLDETF,BIRLA SUN LIFE GOLD ETF,EQ,NSE
ABSLPSE,ADITYA BIRLA SUN LIFE NIFTY PSE ETF,EQ,NSE
MIDSMALL,MIRAE ASSET NIFTY MIDSMALLCAP400 MOMENTUM QUALITY 100 ETF,EQ,NSE
AWFIS,AWFIS SPACE SOLUTIONS,EQ,NSE
LIQUIDBETF,BAJAJ FINSERV NIFTY 1D RATE LIQUID ETF - GROWTH,EQ,NSE
BOROSCI,BOROSIL SCIENTIFIC,EQ,NSE
KRONOX,KRONOX LAB SCIENCES,EQ,NSE
IXIGO,LE TRAVENUES TECHNOLOGY L,EQ,NSE
MID150CASE,ZERODHA NIFTY MIDCAP 150 ETF,EQ,NSE
TOP100CASE,ZERODHA NIFTY 100 ETF,EQ,NSE
BBNPNBETF,BARODA BNP PARIBAS NIFTY BANK ETF,EQ,NSE
RETAIL,JHS SVENDGAARD RETAIL V L,EQ,NSE
DEEDEV,DEE DEVELOPMENT ENG,EQ,NSE
PIIND,PI INDUSTRIES,EQ,NSE
SYMPHONY,SYMPHONY,EQ,NSE
VADILALIND,VADILAL INDUSTRIES,EQ,NSE
IVZINNIFTY,INVESCO INDIA NIFTY 50 EXCHANGE TRADED FUND,EQ,NSE
RELAXO,RELAXO FOOT,EQ,NSE
STANLEY,STANLEY LIFESTYLES,EQ,NSE
OMINFRAL,OM INFRA,EQ,NSE
ESTER,ESTER INDUSTRIES,EQ,NSE
VSTTILLERS,VST TILLERS TRACTORS,EQ,NSE
ABDL,ALLIED BLEND N DISTILS L,EQ,NSE
VRAJ,VRAJ IRON AND STEEL,EQ,NSE
SBISILVER,SBI SILVER ETF,EQ,NSE
LIQUIDSHRI,SHRIRAM NIFTY 1D RATE LIQUID ETF,EQ,NSE
RELIABLE,RELIABLE DATA SERVICE,EQ,NSE
KARMAENG,KARMA ENERGY,EQ,NSE
BANSALWIRE,BANSAL WIRE INDUSTRIES L,EQ,NSE
DELPHIFX,DELPHI WORLD MONEY,EQ,NSE
EMCURE,EMCURE PHARMACEUTICALS L,EQ,NSE
ASHIANA,ASHIANA HOUSING,EQ,NSE
ABGSEC,ADITYA BIRLA SUN LIFE CRISIL BROAD BASED GILT ETF,EQ,NSE
DHANUKA,DHANUKA AGRITECH,EQ,NSE
AGIIL,AGI INFRA,EQ,NSE
EVINDIA,MIRAE ASSET NIFTY EV AND NEW AGE AUTOMOTIVE ETF,EQ,NSE
SBINEQWETF,SBI NIFTY50 EQUAL WEIGHT ETF,EQ,NSE
FILATEX,FILATEX INDIA,EQ,NSE
OILIETF,ICICI PRUDENTIAL NIFTY OIL & GAS ETF,EQ,NSE
MAITHANALL,MAITHAN ALLOYS,EQ,NSE
SANSTAR,SANSTAR,EQ,NSE
RUSHIL,RUSHIL DECOR,EQ,NSE
RELTD,RAVINDRA ENERGY,EQ,NSE
AVANTEL,AVANTEL,EQ,NSE
AKUMS,AKUMS DRUGS AND PHARMA L,EQ,NSE
RUBFILA,RUBFILA INTERNATIONAL,EQ,NSE
RPEL,RAGHAV PRODUCTIVITY ENH L,EQ,NSE
CEIGALL,CEIGALL INDIA,EQ,NSE
OLAELEC,OLA ELECTRIC MOBILITY,EQ,NSE
BSLNIFTY,ADITYA BIRLA SUN LIFE NIFTY 50 ETF,EQ,NSE
GROWWEV,GROWW NIFTY EV & NEW AGE AUTOMOTIVE ETF,EQ,NSE
UNIECOM,UNICOMMERCE ESOLUTIONS L,EQ,NSE
FIRSTCRY,BRAINBEES SOLUTIONS,EQ,NSE
MANCREDIT,MANGAL CREDIT N FINCORP L,EQ,NSE
GSEC10ABSL,ADITYA BIRLA SUN LIFE CRISIL 10 YEAR GILT ETF,EQ,NSE
SUYOG,SUYOG TELEMATICS,EQ,NSE
SSDL,SARASWATI SAREE DEPOT,EQ,NSE
METALIETF,ICICI PRUDENTIAL NIFTY METAL ETF,EQ,NSE
INVENTURE,INVENTURE GRO & SEC,EQ,NSE
INTERARCH,INTERARCH BLDNG SOLTN,EQ,NSE
ELGIRUBCO,ELGI RUBBER CO.,EQ,NSE
GLOBALE,GLOBALE TESSILE,EQ,NSE
MFML,MAHALAXMI FABRIC MILLS LT,EQ,NSE
MODEFENCE,MOTILAL OSWAL NIFTY INDIA DEFENCE ETF,EQ,NSE
LTF,L&T FINANCE,EQ,NSE
ORIENTTECH,ORIENT TECHNOLOGIES,EQ,NSE
SURAJLTD,SURAJ,EQ,NSE
WINDMACHIN,WINDSOR MACHINES,EQ,NSE
IBULLSLTD,INDIABULLS,EQ,NSE
BODALCHEM,BODAL CHEMICALS,EQ,NSE
PREMIERENE,PREMIER ENERGIES,EQ,NSE
ECOSMOBLTY,ECOS (INDIA) MOB & HOSP L,EQ,NSE
RAYMONDLSL,RAYMOND LIFESTYLE,EQ,NSE
MULTICAP,MIRAE ASSET NIFTY500 MULTICAP 50:25:25 ETF,EQ,NSE
ASAHISONG,ASAHI SONGWON COLOR,EQ,NSE
STYLEBAAZA,BAAZAR STYLE RETAIL,EQ,NSE
GALAPREC,GALA PRECISION ENG,EQ,NSE
BROOKS,BROOKS LAB,EQ,NSE
RVTH,REVATHI EQUIPMENT INDIA L,EQ,NSE
EUREKAFORB,EUREKA FORBES,EQ,NSE
TOP10ADD,DSP NIFTY TOP 10 EQUAL WEIGHT ETF,EQ,NSE
TDPOWERSYS,TD POWER SYSTEMS,EQ,NSE
BALAJEE,SHREE TIRUPATI BALAJEE L,EQ,NSE
SANOFICONR,SANOFI CONS HEALTHC IND L,EQ,NSE
XTGLOBAL,XTGLOBAL INFOTECH,EQ,NSE
KROSS,KROSS,EQ,NSE
EBANKNIFTY,EDELWEISS NIFTY BANK ETF,EQ,NSE
TOLINS,TOLINS TYRES,EQ,NSE
BAJAJHFL,BAJAJ HOUSING FINANCE,EQ,NSE
PNGJL,P N GADGIL JEWELLERS,EQ,NSE
APLLTD,ALEMBIC PHARMA,EQ,NSE
VASWANI,VASWANI IND,EQ,NSE
PGEL,PG ELECTROPLAST,EQ,NSE
PANAMAPET,PANAMA PETROCHEM,EQ,NSE
ARKADE,ARKADE DEVELOPERS,EQ,NSE
WCIL,WESTERN CARRIERS (IND) L,EQ,NSE
NORTHARC,NORTHERN ARC CAPITAL,EQ,NSE
GROWWLIQID,GROWW NIFTY 1D RATE LIQUID ETF,EQ,NSE
PAISALO,PAISALO DIGITAL,EQ,NSE
ONELIFECAP,ONELIFE CAP ADVISORS,EQ,NSE
INDOUS,INDO US BIOTECH,EQ,NSE
FLEXITUFF,FLEXITUFF VENTURES INT L,EQ,NSE
SHAKTIPUMP,SHAKTI PUMPS (I),EQ,NSE
TRITURBINE,TRIVENI TURBINE,EQ,NSE
MANBA,MANBA FINANCE,EQ,NSE
MOMENTUM50,MOTILAL OSWAL NIFTY 500 MOMENTUM 50 ETF,EQ,NSE
INDOTHAI,INDO THAI SEC,EQ,NSE
UYFINCORP,U. Y. FINCORP,EQ,NSE
ESSARSHPNG,ESSAR SHIPPING,EQ,NSE
LICMFGOLD,LIC MF GOLD ETF,EQ,NSE
KRN,KRN HEAT EXCHANGE N REF L,EQ,NSE
DIFFNKG,DIFFUSION ENGINEERS,EQ,NSE
JISLDVREQS,JAIN DVR EQUITY SHARES,EQ,NSE
DSSL,DYNACONS SYS & SOLN,EQ,NSE
POLYMED,POLY MEDICURE,EQ,NSE
RUPA,RUPA & COMPANY,EQ,NSE
BANKPSU,MIRAE ASSET NIFTY PSU BANK ETF,EQ,NSE
SRD,SHANKAR LAL RAMPAL,EQ,NSE
METAL,MIRAE ASSET NIFTY METAL ETF,EQ,NSE
VIKASECO,VIKAS ECOTECH,EQ,NSE
GROWWDEFNC,GROWW NIFTY INDIA DEFENCE ETF,EQ,NSE
APLAPOLLO,APL APOLLO TUBES,EQ,NSE
KANANIIND,KANANI INDUSTRIES,EQ,NSE
GARUDA,GARUDA CONSTRUCT N ENG L,EQ,NSE
LLOYDSENT,LLOYDS ENTERPRISES,EQ,NSE
VINCOFE,VINTAGE COFFEE N BVRGS L,EQ,NSE
HYUNDAI,HYUNDAI MOTOR INDIA,EQ,NSE
VAL30IETF,ICICI PRUDENTIAL NIFTY200 VALUE 30 ETF,EQ,NSE
AFFORDABLE,AFFORD ROBO & AUTO,EQ,NSE
GROWWGOLD,GROWW GOLD ETF,EQ,NSE
DBEIL,DEEPAK BUILDERS & ENG I L,EQ,NSE
MINDACORP,MINDA CORPORATION,EQ,NSE
WAAREEENER,WAAREE ENERGIES,EQ,NSE
OCCLLTD,OCCL,EQ,NSE
GODAVARIB,GODAVARI BIOREFINERIES L,EQ,NSE
AFCONS,AFCONS INFRASTRUCTURE,EQ,NSE
AVL,ADITYA VISION,EQ,NSE
EMULTIMQ,EDELWEISS NIFTY500 MULTICAP MOMENTUM QUALITY 50 ETF,EQ,NSE
HEXATRADEX,HEXA TRADEX,EQ,NSE
ABINFRA,A B INFRABUILD,EQ,NSE
TBZ,TRIB BHIMJI ZAVERI,EQ,NSE
MASTERTR,MASTER TRUST,EQ,NSE
SAGILITY,SAGILITY,EQ,NSE
ACMESOLAR,ACME SOLAR HOLDINGS,EQ,NSE
SWIGGY,SWIGGY,EQ,NSE
VSSL,VARDHMAN SPC STEEL,EQ,NSE
LIQUIDPLUS,MIRAE ASSET NIFTY 1D RATE LIQUID ETF - GROWTH,EQ,NSE
KPEL,K.P. ENERGY,EQ,NSE
KMEW,KNOWLEDGE MARINE & EN W L,EQ,NSE
SWANCORP,SWAN CORP,EQ,NSE
NIVABUPA,NIVA BUPA HEALTH INS CO L,EQ,NSE
SPECIALITY,SPECIALITY REST,EQ,NSE
BLACKBUCK,BLACKBUCK,EQ,NSE
CINELINE,CINELINE INDIA,EQ,NSE
RACLGEAR,RACL GEARTECH,EQ,NSE
NTPCGREEN,NTPC GREEN ENERGY,EQ,NSE
EIEL,ENVIRO INFRA ENGINEERS L,EQ,NSE
RTNINDIA,RATTANINDIA ENT,EQ,NSE
SAMPANN,SAMPANN UTPADAN INDIA,EQ,NSE
SURAKSHA,SURAKSHA DIAGNOSTIC,EQ,NSE
ROSSTECH,ROSSELL TECHSYS,EQ,NSE
ODIGMA,ODIGMA CONSULTANCY SOL L,EQ,NSE
INNOVANA,INNOVANA THINKLABS,EQ,NSE
SAILIFE,SAI LIFE SCIENCES,EQ,NSE
VMM,VISHAL MEGA MART,EQ,NSE
MOBIKWIK,ONE MOBIKWIK SYSTEMS,EQ,NSE
IKS,INVENTURUS KNOWLEDGE SO L,EQ,NSE
ANUHPHR,ANUH PHARMA,EQ,NSE
IGIL,INTERNATIO GEMM INS (I) L,EQ,NSE
DAMCAPITAL,DAM CAPITAL ADVISORS,EQ,NSE
MAMATA,MAMATA MACHINERY,EQ,NSE
TRANSRAILL,TRANSRAIL LIGHTING,EQ,NSE
CEWATER,CONCORD ENVIRO SYSTEMS L,EQ,NSE
SANATHAN,SANATHAN TEXTILES,EQ,NSE
VENTIVE,VENTIVE HOSPITALITY,EQ,NSE
PROZONER,PROZONE REALTY,EQ,NSE
CARRARO,CARRARO INDIA,EQ,NSE
SENORES,SENORES PHARMACEUTICALS L,EQ,NSE
KITEX,KITEX GARMENTS,EQ,NSE
MAYURUNIQ,MAYUR UNIQUOTERS,EQ,NSE
ROSSELLIND,ROSSELL INDIA,EQ,NSE
DUCON,DUCON INFRATECHNOLOGIES L,EQ,NSE
UNIMECH,UNIMECH AEROSPACE N MFG L,EQ,NSE
CONSUMER,MIRAE ASSET NIFTY INDIA NEW AGE CONSUMPTION ETF,EQ,NSE
TVSHLTD,TVS HOLDINGS,EQ,NSE
ECAPINSURE,EDELWEISS BSE CAPITAL MARKETS & INSURANCE ETF,EQ,NSE
INDOFARM,INDO FARM EQUIPMENT,EQ,NSE
ZUARI,ZUARI AGRO CHEMICALS,EQ,NSE
SETL,STANDARD ENGNG TCNLGY,EQ,NSE
QUADFUTURE,QUADRANT FUTURE TEK,EQ,NSE
DDEVPLSTIK,DDEV PLASTIKS IND,EQ,NSE
CARERATING,CARE RATINGS,EQ,NSE
PCJEWELLER,PC JEWELLER,EQ,NSE
INDUSTOWER,INDUS TOWERS,EQ,NSE
NAVKARURB,NAVKAR URBANSTRUCTURE,EQ,NSE
LAXMIDENTL,LAXMI DENTAL,EQ,NSE
STALLION,STALLION IND FLUOROCHEM L,EQ,NSE
ONESOURCE,ONESOURCE SPECL PHARMA L,EQ,NSE
ITCHOTELS,ITC HOTELS,EQ,NSE
DENTA,DENTA WATER N INFRA SOL L,EQ,NSE
VMART,VMART RETAIL,EQ,NSE
MOHITIND,MOHIT INDUSTRIES,EQ,NSE
SUPREME,SUPREME HOLDIN N HOSP I L,EQ,NSE
AGARWALEYE,DR AGARWALS HEALTH CARE L,EQ,NSE
MOSCHIP,MOSCHIP TECHNOLOGIES,EQ,NSE
NEXT30ADD,DSP BSE SENSEX NEXT 30 ETF,EQ,NSE
PROTEAN,PROTEAN EGOV TECHNO,EQ,NSE
MCLOUD,MAGELLANIC CLOUD,EQ,NSE
NIBE,NIBE,EQ,NSE
ORCHASP,ORCHASP,EQ,NSE
GROWWRAIL,GROWW NIFTY INDIA RAILWAYS PSU ETF,EQ,NSE
NIFTYIETF,ICICI PRUDENTIAL NIFTY 50 ETF,EQ,NSE
NIF100BEES,NIPPON INDIA ETF NIFTY 100,EQ,NSE
NATCAPSUQ,NATURAL CAPSULES,EQ,NSE
JUBLCPL,JUBILANT AGRI N CON PRO L,EQ,NSE
REPCOHOME,REPCO HOME FINANCE,EQ,NSE
AJAXENGG,AJAX ENGINEERING,EQ,NSE
HEXT,HEXAWARE TECHNOLOGIES,EQ,NSE
BAJAJINDEF,INDEF MANUFACTURING,EQ,NSE
UNIONGOLD,UNION GOLD ETF,EQ,NSE
QPOWER,QUALITY POWER ELEC EQUP L,EQ,NSE
GUJTHEM,GUJARAT THEMIS BIOSYN,EQ,NSE
NIBL,NRB INDUS. BEARINGS,EQ,NSE
MSCIINDIA,KOTAK MSCI INDIA ETF,EQ,NSE
GROWWN200,GROWW NIFTY 200 ETF,EQ,NSE
VIVIDHA,VISAGAR POLYTEX,EQ,NSE
NIFTY100EW,KOTAK NIFTY 100 EQUAL WEIGHT ETF,EQ,NSE
JUSTDIAL,JUSTDIAL,EQ,NSE
AONETOTAL,ANGEL ONE NIFTY TOTAL MARKET ETF,EQ,NSE
ATULAUTO,ATUL AUTO,EQ,NSE
MOCAPITAL,MOTILAL OSWAL NIFTY CAPITAL MARKET ETF,EQ,NSE
ORIENTCEM,ORIENT CEMENT,EQ,NSE
GOLD360,360 ONE GOLD ETF,EQ,NSE
ABFRL,ADITYA BIRLA FASHION & RT,EQ,NSE
SELECTIPO,MIRAE ASSET BSE SELECT IPO ETF,EQ,NSE
EQUAL200,MIRAE ASSET BSE 200 EQUAL WEIGHT ETF,EQ,NSE
SAMMAANCAP,SAMMAAN CAPITAL,EQ,NSE
PRABHA,PRABHA ENERGY,EQ,NSE
CASHIETF,ICICI PRUDENTIAL BSE LIQUID RATE ETF - GROWTH,EQ,NSE
AXISVALUE,AXIS NIFTY500 VALUE 50 ETF,EQ,NSE
BHARATSE,BHARAT SEATS,EQ,NSE
ISHANCH,ISHAN DYES N CHEMICALS L,EQ,NSE
SILVERCASE,ZERODHA SILVER ETF,EQ,NSE
SBIBPB,SBI BSE PSU BANK ETF,EQ,NSE
ESSENTIA,INTEGRA ESSENTIA,EQ,NSE
NIF100IETF,ICICI PRUDENTIAL NIFTY 100 ETF,EQ,NSE
SPECTRUM,SPECTRUM ELECTRIC IND,EQ,NSE
MID150,KOTAK NIFTY MIDCAP 150 ETF,EQ,NSE
AONELIQUID,ANGEL ONE NIFTY 1D RATE LIQUID ETF - GROWTH,EQ,NSE
PILITA,PIL ITALICA LIFESTYLE,EQ,NSE
THOMASCOTT,THOMAS SCOTT (INDIA),EQ,NSE
DBSTOCKBRO,DB (INT) STOCK BROKERS,EQ,NSE
COMPUSOFT,COMPUCOM SOFTWARE,EQ,NSE
RHIM,RHI MAGNESITA INDIA,EQ,NSE
MCX,MULTI COMMODITY EXCHANGE,EQ,NSE
NDL,NANDAN DENIM,EQ,NSE
NBCC,NBCC (INDIA),EQ,NSE
LYPSAGEMS,LYPSA GEMS & JEWEL,EQ,NSE
ORBTEXP,ORBIT EXPORTS,EQ,NSE
JPOLYINVST,JIND POL INV & FIN CO,EQ,NSE
SREEL,SREELEATHERS,EQ,NSE
EVIETF,ICICI PRUDENTIAL NIFTY EV & NEW AGE AUTOMOTIVE ETF,EQ,NSE
CIFL,CAPITAL INDIA FINANCE,EQ,NSE
TINNARUBR,TINNA RUBBER AND INFR,EQ,NSE
WAAREERTL,WAAREE RENEWABLE TECH,EQ,NSE
GROWWMOM50,GROWW NIFTY 500 MOMENTUM 50 ETF,EQ,NSE
SILVER360,360 ONE SILVER ETF,EQ,NSE
NPST,NETWORK PEOPLE SRV TECH L,EQ,NSE
KRISHIVAL,KRISHIVAL FOODS,EQ,NSE
OSWALPUMPS,OSWAL PUMPS,EQ,NSE
GROWWSLVR,GROWW SILVER ETF,EQ,NSE
ABLBL,ADITYA BIRLA LIFES BRAN L,EQ,NSE
ENRIN,SIEMENS ENERGY INDIA,EQ,NSE
MON50EQUAL,MOTILAL OSWAL NIFTY 50 EQUAL WEIGHT ETF,EQ,NSE
PRIMO,PRIMO CHEMICALS,EQ,NSE
THELEELA,LEELA PALACES HOTEL,EQ,NSE
MOINFRA,MOTILAL OSWAL BSE INDIA INFRASTRUCTURE ETF,EQ,NSE
RAJOOENG,RAJOO ENGINEERS,EQ,NSE
AONENIFTY,ANGEL ONE NIFTY 50 ETF,EQ,NSE
MOMGF,MOTILAL OSWAL NIFTY INDIA MANUFACTURING ETF,EQ,NSE
BELRISE,BELRISE INDUSTRIES,EQ,NSE
EQUAL50,MIRAE ASSET NIFTY50 EQUAL WEIGHT ETF,EQ,NSE
MONEXT50,MOTILAL OSWAL NIFTY NEXT 50 ETF,EQ,NSE
AEGISVOPAK,AEGIS VOPAK TERMINALS,EQ,NSE
MOPSE,MOTILAL OSWAL NIFTY PSE ETF,EQ,NSE
MOTOUR,MOTILAL OSWAL NIFTY INDIA TOURISM ETF,EQ,NSE
SNXT30BEES,NIPPON INDIA BSE SENSEX NEXT 30 ETF,EQ,NSE
SCODATUBES,SCODA TUBES,EQ,NSE
DIGITIDE,DIGITIDE SOLUTIONS,EQ,NSE
BLUSPRING,BLUSPRING ENTERPRISES,EQ,NSE
TRAVELFOOD,TRAVEL FOOD SERVICES,EQ,NSE
ARIS,ARISINFRA SOLUTIONS,EQ,NSE
ATHERENERG,ATHER ENERGY,EQ,NSE
FISCHER,FISCHER MEDICAL VENTURE L,EQ,NSE
MOALPHA50,MOTILAL OSWAL NIFTY ALPHA 50 ETF,EQ,NSE
LIQGRWBEES,NIPPON INDIA NIFTY 1D RATE LIQUID ETF - GROWTH,EQ,NSE
PICCADIL,PICCADILY AGRO INDUSTRI L,EQ,NSE
SAMBHV,SAMBHV STEEL TUBES,EQ,NSE
HDBFS,HDB FINANCIAL SERVICES L,EQ,NSE
TOP15IETF,ICICI PRUDENTIAL NIFTY TOP 15 EQUAL WEIGHT ETF,EQ,NSE
MOGOLD,MOTILAL OSWAL GOLD ETF,EQ,NSE
BRIGHOTEL,BRIGADE HOTEL VENTURE,EQ,NSE
IGCL,INDOGULF CROPSCIENCES,EQ,NSE
GROWWNET,GROWW NIFTY INDIA INTERNET ETF,EQ,NSE
MOMIDMTM,MOTILAL OSWAL NIFTY MIDCAP150 MOMENTUM 50 ETF,EQ,NSE
RMDRIP,R M DRIP & SPRINK SYS,EQ,NSE
INDIQUBE,INDIQUBE SPACES,EQ,NSE
CRIZAC,CRIZAC,EQ,NSE
EBGNG,GNG ELECTRONICS,EQ,NSE
ANTHEM,ANTHEM BIOSCIENCES,EQ,NSE
BELLACASA,BELLA CASA FASH AND RET L,EQ,NSE
QUALITY30,KOTAK NIFTY200 QUALITY 30 ETF,EQ,NSE
EUROBOND,EURO PANEL PRODUCTS,EQ,NSE
PASHUPATI,PASHUPATI COTSPIN,EQ,NSE
SMARTWORKS,SMARTWORKS COWORKING SP L,EQ,NSE
CHEMBONDCH,CHEMBOND CHEMICAL,EQ,NSE
SHANTIGOLD,SHANTI GOLD INTERNATION L,EQ,NSE
JSLL,JEENA SIKHO LIFECARE,EQ,NSE
LOTUSDEV,SRI LOTUS DEVLPRS N RTY L,EQ,NSE
MBEL,M AND B ENGINEERING,EQ,NSE
GROWWPOWER,GROWW BSE POWER ETF,EQ,NSE
PROSTARM,PROSTARM INFO SYSTEMS,EQ,NSE
GROWWLOVOL,GROWW NIFTY 500 LOW VOLATILITY 50 ETF,EQ,NSE
ALLTIME,ALL TIME PLASTICS,EQ,NSE
MOSILVER,MOTILAL OSWAL SILVER ETF,EQ,NSE
JSWCEMENT,JSW CEMENT,EQ,NSE
SBILIQETF,SBI NIFTY 1D RATE LIQUID ETF,EQ,NSE
RAYMONDREL,RAYMOND REALTY,EQ,NSE
KALPATARU,KALPATARU,EQ,NSE
ELLEN,ELLENBARRIE INDUS GASES L,EQ,NSE
GLOBECIVIL,GLOBE CIVIL PROJECTS,EQ,NSE
INTERNET,MIRAE ASSET NIFTY INDIA INTERNET ETF,EQ,NSE
MANUFGBEES,NIPPON INDIA NIFTY INDIA MANUFACTURING ETF,EQ,NSE
EFCIL,EFC (I),EQ,NSE
REGAAL,REGAAL RESOURCES,EQ,NSE
GROWWNIFTY,GROWW NIFTY 50 ETF,EQ,NSE
ARFIN,ARFIN INDIA,EQ,NSE
LTGILTCASE,ZERODHA NIFTY 8-13 YR G-SEC ETF,EQ,NSE
MEIL,MANGAL ELECTRICAL IND L,EQ,NSE
SGFIN,SG FINSERVE,EQ,NSE
CPPLUS,ADITYA INFOTECH,EQ,NSE
LAXMIINDIA,LAXMI INDIA FINANCE,EQ,NSE
SGMART,SG MART,EQ,NSE
AONEGOLD,ANGEL ONE GOLD ETF,EQ,NSE
AMANTA,AMANTA HEALTHCARE,EQ,NSE
CPEDU,CAREER POINT EDUTECH,EQ,NSE
ELM250,EDELWEISS NIFTY LARGEMIDCAP 250 ETF,EQ,NSE
SML100CASE,ZERODHA NIFTY SMALLCAP 100 ETF,EQ,NSE
STLNETWORK,STL NETWORKS,EQ,NSE
AHCL,ANLON HEALTHCARE,EQ,NSE
VIKRAN,VIKRAN ENGINEERING,EQ,NSE
GCSL,GRETEX CORPORATE SERVICES,EQ,NSE
ATLANTAELE,ATLANTA ELECTRICALS,EQ,NSE
GANESHCP,GANESH CONSUMER PRODUCT L,EQ,NSE
IVALUE,IVALUE INFOSOLUTIONS,EQ,NSE
GKENERGY,GK ENERGY,EQ,NSE
SAATVIKGL,SAATVIK GREEN ENERGY,EQ,NSE
RHETAN,RHETAN TMT,EQ,NSE
DEVX,DEV ACCELERATOR,EQ,NSE
URBANCO,URBAN COMPANY,EQ,NSE
SHRINGARMS,SHRINGAR HOU OF MANGALS L,EQ,NSE
HILINFRA,HIGHWAY INFRASTRUCTURE L,EQ,NSE
ABCOTS,A B COTSPIN INDIA,EQ,NSE
VMSTMT,VMS TMT,EQ,NSE
MWL,MANGALAM WORLDWIDE,EQ,NSE
TIGERLOGS,TIGER LOGISTICS (INDIA) L,EQ,NSE
JKIPL,JINKUSHAL INDUSTRIES,EQ,NSE
TRUALT,TRUALT BIOENERGY,EQ,NSE
FINKURVE,FINKURVE FINANCIAL SERV L,EQ,NSE
JAINREC,JAIN RESOURCE RECYCLING L,EQ,NSE
EPACKPEB,EPACK PREFAB TECHN,EQ,NSE
BMWVENTLTD,BMW VENTURES,EQ,NSE
TATACAP,TATA CAPITAL,EQ,NSE
BLUESTONE,BLUESTONE JEWEL LFSTL,EQ,NSE
NIFTYCASE,ZERODHA NIFTY 50 ETF,EQ,NSE
CRAMC,CANARA ROBECO AMC,EQ,NSE
RUBICON,RUBICON RESEARCH,EQ,NSE
PACEDIGITK,PACE DIGITEK,EQ,NSE
SYSTMTXC,SYSTEMATIX CORP SERVICE L,EQ,NSE
FLEXIADD,DSP NIFTY500 FLEXICAP QUALITY 30 ETF,EQ,NSE
MONIFTY100,MOTILAL OSWAL NIFTY 100 ETF,EQ,NSE
MOENERGY,MOTILAL OSWAL NIFTY ENERGY ETF,EQ,NSE
MONEYBOXX,MONEYBOXX FINANCE,EQ,NSE
SOLEX,SOLEX ENERGY,EQ,NSE
ADVANCE,ADVANCE AGROLIFE,EQ,NSE
OMFREIGHT,OM FREIGHT FORWARDERS,EQ,NSE
GROWWRLTY,GROWW NIFTY REALTY ETF,EQ,NSE
WEWORK,WEWORK INDIA MANAGEMENT L,EQ,NSE
PATELRMART,PATEL RETAIL,EQ,NSE
SHREEJISPG,SHREEJI SHIPPING GLOBAL L,EQ,NSE
VIKRAMSOLR,VIKRAM SOLAR,EQ,NSE
GROWWNXT50,GROWW NIFTY NEXT 50 ETF,EQ,NSE
ELIQUID,EDELWEISS NIFTY 1D RATE LIQUID ETF,EQ,NSE
CANHLIFE,CANARA HSBC LIFE INS CO L,EQ,NSE
MOMENTUM30,KOTAK NIFTY 200 MOMENTUM 30 ETF,EQ,NSE
MIDWESTLTD,MIDWEST,EQ,NSE
GROWWSC250,GROWW NIFTY SMALLCAP 250 ETF,EQ,NSE
PIRAMALFIN,PIRAMAL FINANCE,EQ,NSE
ORKLAINDIA,ORKLA INDIA,EQ,NSE
STUDDS,STUDDS ACCESSORIES,EQ,NSE
LENSKART,LENSKART SOLUTIONS,EQ,NSE
CHOICEGOLD,CHOICE GOLD ETF,EQ,NSE
GROWWMC150,GROWW NIFTY MIDCAP 150 ETF,EQ,NSE
PWL,PHYSICSWALLAH,EQ,NSE
EMMVEE,EMMVEE PHOTOVOLTAIC PWR L,EQ,NSE
SHIVAUM,SHIV AUM STEELS,EQ,NSE
MODIS,MODIS NAVNIRMAN,EQ,NSE
ADVENTHTL,ADVENT HOTELS INTERNATI L,EQ,NSE
ENERGY,MIRAE ASSET NIFTY ENERGY ETF,EQ,NSE
TMCV,TATA MOTORS,EQ,NSE
EUROPRATIK,EURO PRATIK SALES,EQ,NSE
GROWW,BILLIONBRAINS GARAGE VN L,EQ,NSE
SMALL250,MIRAE ASSET NIFTY SMALLCAP 250 ETF,EQ,NSE
PINELABS,PINE LABS,EQ,NSE
BETA,BETA DRUGS,EQ,NSE
SHILCTECH,SHILCHAR TECHNOLOGIES,EQ,NSE
CAPILLARY,CAPILLARY TECHNO INDIA L,EQ,NSE
UTLSOLAR,FUJIYAMA POWER SYSTEMS L,EQ,NSE
TENNIND,TENNECO CLEAN AIR INDIA L,EQ,NSE
CHEMICAL,KOTAK NIFTY CHEMICALS ETF,EQ,NSE
MOIPO,MOTILAL OSWAL BSE SELECT IPO ETF,EQ,NSE
SOLARWORLD,SOLARWORLD ENERGY SOL,EQ,NSE
STYL,SESHAASAI TECHNOLOGIES L,EQ,NSE
JARO,JARO INS OF TEC MG N RE L,EQ,NSE
ARSSBL,ANAND RATHI SH N STK BR L,EQ,NSE
PAUSHAKLTD,PAUSHAK,EQ,NSE
MSCIADD,DSP MSCI INDIA ETF,EQ,NSE
AONETMMQ50,AONEAMC - AONETMMQ50,EQ,NSE
ESENSEX,EDELWEISS BSE SENSEX ETF,EQ,NSE
ENIFTY,EDELWEISS NIFTY 50 ETF,EQ,NSE
MOSERVICE,MOTILAL OSWAL NIFTY SERVICES SECTOR ETF,EQ,NSE
EXCELSOFT,EXCELSOFT TECHNOLOGIES L,EQ,NSE
SUDEEPPHRM,SUDEEP PHARMA,EQ,NSE
GROWWCAPM,GROWW NIFTY CAPITAL MARKETS ETF,EQ,NSE
MOMNC,MOTILAL OSWAL NIFTY MNC ETF,EQ,NSE
JAYKAY,JAYKAY ENTERPRISES,EQ,NSE
SKFINDUS,SKF IND (INDUSTRIAL),EQ,NSE
GLOTTIS,GLOTTIS,EQ,NSE
FABTECH,FABTECH TECHNOLOGIES,EQ,NSE
GAUDIUMIVF,GAUDIUM IVF N WOMEN H L,EQ,NSE
CLEANMAX,CLEAN MAX ENVIRO EN SOL L,EQ,NSE
SRTL,SHREE RAM TWISTEX,EQ,NSE
AONESILVER,AONEAMC - AONESILVER,EQ,NSE
MARKOLINES,MARKOLINES PAVEMENT TEC L,EQ,NSE
LGEINDIA,LG ELECTRONICS INDIA,EQ,NSE
VIDYAWIRES,VIDYA WIRES,EQ,NSE
MEESHO,MEESHO,EQ,NSE
AEQUS,AEQUS,EQ,NSE
PNGSREVA,PNGS REVA DIAMOND JEWEL L,EQ,NSE
ABSL10BANK,BIRLASLAMC - ABSL10BANK,EQ,NSE
CORONA,CORONA REMEDIES,EQ,NSE
WAKEFIT,WAKEFIT INNOVATIONS,EQ,NSE
MODINATUR,MODI NATURALS,EQ,NSE
LEMERITE,LE MERITE EXPORTS,EQ,NSE
GOLDBND,BANDHAN GOLD ETF,EQ,NSE
SILVERBND,BANDHAN SILVER ETF,EQ,NSE
NEPHROPLUS,NEPHROCARE HEALTH SERV L,EQ,NSE
PARKHOSPS,PARK MEDI WORLD,EQ,NSE
MIDCAPADD,DSP NIFTY MIDCAP 150 ETF,EQ,NSE
SMALLADD,DSP NIFTY SMALLCAP 250 ETF,EQ,NSE
RUDRA,RUDRA GLOBAL INFRA PROD L,EQ,NSE
ICICIAMC,ICICI PRUDENTIAL AMC,EQ,NSE
DIVIDEND,MIRAE ASSET BSE 500 DIVIDEND LEADERS 50 ETF,EQ,NSE
TOP20,MIRAE ASSET NIFTY TOP 20 EQUAL WEIGHT ETF,EQ,NSE
KSHINTL,KSH INTERNATIONAL,EQ,NSE
GROWWMETAL,GROWW NIFTY METAL ETF,EQ,NSE
TWCGOLDETF,THE WEALTH COMPANY GOLD ETF,EQ,NSE
BUILDPRO,SHANKARA BUILDPRO,EQ,NSE
NEXT50ADD,DSP NIFTY NEXT 50 ETF,EQ,NSE
ADVAIT,ADVAIT ENRGY TRANSITION L,EQ,NSE
GROWWCHEM,GROWW NIFTY CHEMICALS ETF,EQ,NSE
NEXT50ETF,KOTAK NIFTY NEXT 50 ETF,EQ,NSE
HALDER,HALDER VENTURE,EQ,NSE
BHARATCOAL,BHARAT COKING COAL,EQ,NSE
AMAGI,AMAGI MEDIA LABS,EQ,NSE
OMNI,OMNITECH ENGINEERING,EQ,NSE
GROWWHOSPI,GROWWAMC - GROWWHOSPI,EQ,NSE
DSFCL,DCM SHRIRAM FINE CHEM,EQ,NSE
KNAGRI,KN AGRI RESOURCES,EQ,NSE
KWIL,KWALITY WALL'S (INDIA) L,EQ,NSE
FRACTAL,FRACTAL ANALYTICS,EQ,NSE
GROWWPSE,GROWWAMC - GROWWPSE,EQ,NSE
AYE,AYE FINANCE,EQ,NSE
HEALTHCARE,MIRAEAMC - HEALTHCARE,EQ,NSE
GICL,GLOBE INTL CARRIERS,EQ,NSE
INFRA,MIRAEAMC - INFRA,EQ,NSE
CEINSYS,CEINSYS TECH,EQ,NSE
DEFENCE,MIRAEAMC - DEFENCE,EQ,NSE
ABSLMSCIN,BIRLASLAMC - ABSLMSCIN,EQ,NSE
SBIMIDMOM,SBIAMC - SBIMIDMOM,EQ,NSE
INA,INSOLATION ENERGY,EQ,NSE
VITAL,VITAL CHEMTECH,EQ,NSE
SEDEMAC,SEDEMAC MECHATRONICS,EQ,NSE
KRISHNADEF,KRISHNA DEF AND ALD IND L,EQ,NSE
GKSL,GUJARAT KIDNEY N SUP SP L,EQ,NSE
ALGOQUANT,ALGOQUANT FINTECH,EQ,NSE
AEPL,ARTEMIS ELECTRICALS & P L,EQ,NSE
KOTYARK,KOTYARK INDUSTRIES,EQ,NSE
BANK10ADD,DSPAMC - BANK10ADD,EQ,NSE
MARSONS,MARSONS,EQ,NSE
SINGERIND,SINGER INDIA,EQ,NSE
RSL,RAJPUTANA STAINLESS,EQ,NSE
SHADOWFAX,SHADOWFAX TECHNOLOGIES L,EQ,NSE
BCPL,BCPL RAILWAY INFRA,EQ,NSE
HSBCGOLD,HSBCAMC - HSBCGOLD,EQ,NSE
VALUE,MIRAEAMC - VALUE,EQ,NSE
GROWWPSUBK,GROWWAMC - GROWWPSUBK,EQ,NSE
INNOVISION,INNOVISION,EQ,NSE
CMPDI,CENTRAL MINE P N D INST L,EQ,NSE
TCC,TCC CONCEPT,EQ,NSE
AARNAV,AARNAV FASHIONS,EQ,NSE
GSPCROP,GSP CROP SCIENCE,EQ,NSE
